Game#,Date,Away Team,Away Score,Home Team,Home Score,Away Division,Home Division,Game Type
,22-Sep-24,SEA Cucumbers,6,Spicy Kittens,5,Division 9B,Division 9B,REG
,22-Sep-24,Khaos,9,Blackouts,2,Division 9,Division 9A,REG
,22-Sep-24,Purple Reign,3,Blackbirds,1,Division 9B,Division 9B,REG
,22-Sep-24,Yacht Flippers,1,Toe Dragons,2,Division 8C,Division 8C,REG
,22-Sep-24,Mid-Ice Crisis,0,Seal Team Sticks,5,Division 9B,Division 9,REG
,22-Sep-24,Fighting Clams,13,Rainier Reindeers HC-8,1,Division 8C,Division 10B,REG
,22-Sep-24,Fluffy Bunnies,7,Orcas,0,Division 8B,Division 8C,REG
,22-Sep-24,Post Busters,4,Div 10 Sky Blue,2,Division 10,Division 10,REG
,22-Sep-24,Arctic Foxes,8,Rainiers,2,Division 8C,Division 9,REG
,22-Sep-24,Seals Lower,5,Hungry Hatchlings,1,Division 8B,Division 8C,REG
,22-Sep-24,Sockeyes,1,Mother Cluckers,5,Division 8B,Division 8B,REG
,22-Sep-24,Los Tigres,4,Iced Awesome,3,Division 8,Division 8A,REG
,22-Sep-24,Seattle Freeze,4,Seattle Dogs,4,Division 7,Division 7,REG
,22-Sep-24,Roughnecks Mobile Infantry,3,Coyotes,3,Division 7,Division 7,REG
,22-Sep-24,Cascadians HC,3,LKI,4,Division 7B,Division 7B,REG
,22-Sep-24,Golden Gobies,7,Scrooge McPuck,2,Division 8,Division 8B,REG
,22-Sep-24,The Quacken,2,Beer Dragons,3,Division 9B,Division 10,REG
,22-Sep-24,Royal Pains,4,Fighting Mongooses,5,Division 7B,Division 7B,REG
,22-Sep-24,Puccaneers,4,Hampton West Hockey Club,4,Division 8,Division 8,REG
,22-Sep-24,Hackers,3,Real Bacon,1,Division 6B,Division 6B,REG
,22-Sep-24,Not Sure 7B,3,Blades,6,Division 7B,Division 6C,REG
,22-Sep-24,Mudflaps,3,Birrds,3,Division 6C,Division 7,REG
,22-Sep-24,BLU Bombers,5,Spittin' Llamas,0,Division 8,Division 8C,REG
,22-Sep-24,What's Kraken?,6,Trash Pandas Garbage Legacy,2,Division 6B,Division 7,REG
,22-Sep-24,Trash Pandas 6 Landis,1,Monarchs 6B,8,Division 6C,Division 6B,REG
,22-Sep-24,Rainier Reindeer HC-6A,2,Flying Monkeys,1,Division 6,Division 6B,REG
,22-Sep-24,Raiders,5,Bandits,0,Division 6C,Division 7B,REG
,23-Sep-24,Dumb Pucks,6,Honey Badgers,5,Division 6,Division 6B,REG
,23-Sep-24,Mighty Boosh,3,Greenhorns,4,Division 6C,Division 6B,REG
,23-Sep-24,PussyCats,5,Roughnecks,5,Division 6,Division 6B,REG
,23-Sep-24,Icemen,4,Alpuckas,5,Division 6,Division 6,REG
,23-Sep-24,Midnight Twist,2,Stingers,0,Division 6,Division 6,REG
,23-Sep-24,Piranhas,6,Seals 6A,3,Division 5D,Division 6,REG
,23-Sep-24,Jokres,10,Squids,3,Division 5D,Division 6,REG
,23-Sep-24,Dirty Couch Hockey Club,2,Trash Pandas 5C,7,Division 5D,Division 5C,REG
,23-Sep-24,Monarchs 5D,4,Fossils,4,Division 5D,Division 5D,REG
,23-Sep-24,Ice-O-Topes,1,Kokanees,2,Division 5B,Division 5B,REG
,23-Sep-24,Bullets,1,Hooligans,2,Division 5B,Division 5B,REG
,23-Sep-24,Reapers,4,Yetis,6,Division 5D,Division 5C,REG
,23-Sep-24,Not Sure 5B,6,BSOD,0,Division 5B,Division 5C,REG
,24-Sep-24,40+ Advanced Green,4,40+ Advanced White,4,40+ Advanced Fall 2024,40+ Advanced Fall 2024,REG
,24-Sep-24,40+ Advanced Orange,3,40+ Advanced Gray,6,40+ Advanced Fall 2024,40+ Advanced Fall 2024,REG
,24-Sep-24,Lumberjacks,2,Gamblers,4,Division 5C,Division 5B,REG
,24-Sep-24,Roughnecks - Game Theory,3,Moose Knuckle,6,Division 5,Division 4C,REG
,24-Sep-24,Dumpster Fire,2,Black Katz,4,Division 5C,Division 5C,REG
,24-Sep-24,40+ Advanced Black,6,40+ Advanced Red,2,40+ Advanced Fall 2024,40+ Advanced Fall 2024,REG
,24-Sep-24,Kraken Up,1,LLUA,7,Division 4C,Division 4C,REG
,24-Sep-24,DevilFish,4,Renegades,1,Division 5,Division 5B,REG
,24-Sep-24,Maple Bars,8,Wolves,6,Division 4B,Division 4C,REG
,24-Sep-24,Coconut Corgis,0,Greasy Weasels,8,Division 4B,Division 4B,REG
,24-Sep-24,Night Owls,2,Seagulls,2,Division 4B,Division 5A,REG
,25-Sep-24,40+ Royal,3,40+ White,7,40+ Fall 2024,40+ Fall 2024,REG
,25-Sep-24,MMHC,6,The Herd,1,Division 3,Division 3B,REG
,25-Sep-24,40+ Grey,2,40+ Sky Blue,3,40+ Fall 2024,40+ Fall 2024,REG
,25-Sep-24,Skeletons,0,Schilling Cider,4,Division 5,Division 4B,REG
,25-Sep-24,Edible Arrangements,3,Steelhead,6,Division 4C,Division 4B,REG
,25-Sep-24,40+ Orange,2,40+ Navy,6,40+ Fall 2024,40+ Fall 2024,REG
,25-Sep-24,Chinooks,4,Skateful Dead,6,Division 4,Division 4,REG
,25-Sep-24,Mighty Mallards,4,Sasquatch,1,Division 4A,Division 3B,REG
,25-Sep-24,40+ Red,1,40+ Yellow,1,40+ Fall 2024,40+ Fall 2024,REG
,25-Sep-24,Growlers,3,Hosers,7,Division 4,Division 4A,REG
,25-Sep-24,Goal Diggers,2,Shockers,3,Division 4A,Division 3B,REG
,25-Sep-24,Rhinos,3,Bombers,3,Division 3,Division 3B,REG
,26-Sep-24,Sabercats,1,Chiefs,13,Division 3B,Division 3,REG
,26-Sep-24,Mighty Geoducks,8,Fighting Narwhals,2,Division 2,Division 2,REG
,26-Sep-24,Booze Hounds,7,Red Dog,3,Division 3,Division 2,REG
,26-Sep-24,Breakers,3,Puckbuddies,4,Division 4,Division 3,REG
,26-Sep-24,Dead Rabbits,4,Highlanders,1,Division 5,Division 5,REG
,26-Sep-24,Northwest Crabs,5,Mavericks,6,Division 2,Division 2,REG
,26-Sep-24,Pheasants,1,Koronis Motors,3,Division 2,Division 2,REG
,26-Sep-24,Falcons,5,ESB,3,Division 1,Division 1,REG
,26-Sep-24,Mustangs,0,Brigade,1,Division 1,Division 1,REG
,26-Sep-24,Pull Tab Bandits,2,Seattle Supernova,7,Division 2,Division 1,REG
,28-Sep-24,Seal Team Sticks,1,Toe Dragons,4,Division 9,Division 8C,REG
,28-Sep-24,Rainier Reindeers HC-8,0,Yacht Flippers,4,Division 10B,Division 8C,REG
,29-Sep-24,Seattle Dogs,5,Fighting Mongooses,2,Division 7,Division 7B,REG
,29-Sep-24,Rainier Reindeer HC-6A,5,Real Bacon,3,Division 6,Division 6B,REG
,29-Sep-24,Bandits,0,What's Kraken?,5,Division 7B,Division 6B,REG
,29-Sep-24,Puccaneers,2,Cascadians HC,5,Division 8,Division 7B,REG
,29-Sep-24,Khaos,4,Purple Reign,3,Division 9,Division 9B,REG
,29-Sep-24,Hampton West Hockey Club,2,LKI,1,Division 8,Division 7B,REG
,29-Sep-24,Beer Dragons,5,Post Busters,2,Division 10,Division 10,REG
,29-Sep-24,Raiders,5,Coyotes,2,Division 6C,Division 7,REG
,29-Sep-24,BLU Bombers,3,Los Tigres,3,Division 8,Division 8,REG
,29-Sep-24,Iced Awesome,4,Golden Gobies,6,Division 8A,Division 8,REG
,29-Sep-24,Hungry Hatchlings,2,Sockeyes,4,Division 8C,Division 8B,REG
,29-Sep-24,Scrooge McPuck,5,Mother Cluckers,11,Division 8B,Division 8B,REG
,29-Sep-24,Jokres,2,Yetis,4,Division 5D,Division 5C,REG
,29-Sep-24,Seals Lower,2,Arctic Foxes,2,Division 8B,Division 8C,REG
,29-Sep-24,Midnight Twist,1,Seals 6A,1,Division 6,Division 6,REG
,29-Sep-24,Orcas,2,Rainiers,3,Division 8C,Division 9,REG
,29-Sep-24,The Quacken,2,Blackbirds,5,Division 9B,Division 9B,REG
,29-Sep-24,Fluffy Bunnies,3,Fighting Clams,1,Division 8B,Division 8C,REG
,29-Sep-24,Mudflaps,1,Trash Pandas Garbage Legacy,5,Division 6C,Division 7,REG
,29-Sep-24,Spittin' Llamas,6,Mid-Ice Crisis,2,Division 8C,Division 9B,REG
,29-Sep-24,Blackouts,6,SEA Cucumbers,3,Division 9A,Division 9B,REG
,29-Sep-24,Div 10 Sky Blue,0,Spicy Kittens,7,Division 10,Division 9B,REG
,29-Sep-24,Seattle Freeze,1,Blades,2,Division 7,Division 6C,REG
,29-Sep-24,Not Sure 7B,2,Birrds,2,Division 7B,Division 7,REG
,29-Sep-24,Dumb Pucks,4,Roughnecks,4,Division 6,Division 6B,REG
,30-Sep-24,Fossils,2,Reapers,4,Division 5D,Division 5D,REG
,30-Sep-24,Skeletons,3,Moose Knuckle,6,Division 5,Division 4C,REG
,30-Sep-24,Lumberjacks,2,Hooligans,7,Division 5C,Division 5B,REG
,30-Sep-24,Ice-O-Topes,1,Not Sure 5B,5,Division 5B,Division 5B,REG
,30-Sep-24,Roughnecks - Game Theory,6,Kokanees,3,Division 5,Division 5B,REG
,30-Sep-24,Gamblers,5,Dumpster Fire,4,Division 5B,Division 5C,REG
,30-Sep-24,Roughnecks Mobile Infantry,0,Monarchs 6B,5,Division 7,Division 6B,REG
,30-Sep-24,Hackers,3,Greenhorns,1,Division 6B,Division 6B,REG
,30-Sep-24,Trash Pandas 6 Landis,1,Flying Monkeys,7,Division 6C,Division 6B,REG
,30-Sep-24,Icemen,8,Honey Badgers,0,Division 6,Division 6B,REG
,30-Sep-24,PussyCats,2,Stingers,4,Division 6,Division 6,REG
,30-Sep-24,DevilFish,4,Highlanders,5,Division 5,Division 5,REG
,30-Sep-24,Mighty Boosh,2,Alpuckas,9,Division 6C,Division 6,REG
,1-Oct-24,Red Hots,4,Blue Footed Bloobies,2,Women''s Division Fall 2024,Women''s Division Fall 2024,REG
,1-Oct-24,Maple Bars,5,Seagulls,1,Division 4B,Division 5A,REG
,1-Oct-24,40+ Advanced Green,7,40+ Advanced Red,5,40+ Advanced Fall 2024,40+ Advanced Fall 2024,REG
,1-Oct-24,Piranhas,1,Black Katz,2,Division 5D,Division 5C,REG
,1-Oct-24,White Yetis,4,Black Sheesh,1,Women's Division Fall 2024,Women''s Division Fall 2024,REG
,1-Oct-24,Pineapple Express,2,Grey Dust Bunnies,4,Women''s Division Fall 2024,Women''s Division Fall 2024,REG
,1-Oct-24,40+ Advanced White,4,40+ Advanced Gray,0,40+ Advanced Fall 2024,40+ Advanced Fall 2024,REG
,1-Oct-24,Kraken Up,5,Wolves,4,Division 4C,Division 4C,REG
,1-Oct-24,40+ Advanced Orange,5,40+ Advanced Black,1,40+ Advanced Fall 2024,40+ Advanced Fall 2024,REG
,1-Oct-24,Monarchs 5D,3,Trash Pandas 5C,4,Division 5D,Division 5C,REG
,1-Oct-24,Dirty Couch Hockey Club,7,Squids,2,Division 5D,Division 6,REG
,2-Oct-24,Rhinos,7,Puckbuddies,2,Division 3,Division 3,REG
,2-Oct-24,40+ Navy,4,40+ Yellow,1,40+ Fall 2024,40+ Fall 2024,REG
,2-Oct-24,Goal Diggers,1,The Herd,10,Division 4A,Division 3B,REG
,2-Oct-24,40+ Royal,3,40+ Grey,5,40+ Fall 2024,40+ Fall 2024,REG
,2-Oct-24,MMHC,3,Bombers,3,Division 3,Division 3B,REG
,2-Oct-24,Mighty Mallards,1,Shockers,3,Division 4A,Division 3B,REG
,2-Oct-24,Schilling Cider,7,Renegades,1,Division 4B,Division 5B,REG
,2-Oct-24,Night Owls,6,Greasy Weasels,4,Division 4B,Division 4B,REG
,2-Oct-24,Dead Rabbits,4,LLUA,3,Division 5,Division 4C,REG
,2-Oct-24,40+ Orange,2,40+ White,5,40+ Fall 2024,40+ Fall 2024,REG
,2-Oct-24,Edible Arrangements,2,Skateful Dead,4,Division 4C,Division 4,REG
,2-Oct-24,Chinooks,3,Hosers,5,Division 4,Division 4A,REG
,2-Oct-24,40+ Red,1,40+ Sky Blue,1,40+ Fall 2024,40+ Fall 2024,REG
,3-Oct-24,Mustangs,7,Seattle Supernova,6,Division 1,Division 1,REG
,3-Oct-24,Mighty Geoducks,4,Koronis Motors,3,Division 2,Division 2,REG
,3-Oct-24,Pull Tab Bandits,6,Brigade,7,Division 2,Division 1,REG
,3-Oct-24,Pheasants,3,Sabercats,3,Division 2,Division 3B,REG
,3-Oct-24,Northwest Crabs,3,ESB,6,Division 2,Division 1,REG
,3-Oct-24,NW Stars,2,Falcons,10,Division 1,Division 1,REG
,3-Oct-24,Booze Hounds,1,Mavericks,8,Division 3,Division 2,REG
,3-Oct-24,Breakers,4,Chiefs,11,Division 4,Division 3,REG
,3-Oct-24,Coconut Corgis,5,Steelhead,4,Division 4B,Division 4B,REG
,3-Oct-24,Fighting Narwhals,8,Red Dog,2,Division 2,Division 2,REG
,3-Oct-24,Bullets,5,BSOD,1,Division 5B,Division 5C,REG
,3-Oct-24,Growlers,1,Sasquatch,6,Division 4,Division 3B,REG
,4-Oct-24,Seals Lower,6,Fighting Clams,1,Division 8B,Division 8C,REG
,5-Oct-24,Scrooge McPuck,4,Sockeyes,10,Division 8B,Division 8B,REG
,5-Oct-24,Mother Cluckers,2,Arctic Foxes,1,Division 8B,Division 8C,REG
,5-Oct-24,Los Tigres,4,Golden Gobies,4,Division 8,Division 8,REG
,6-Oct-24,Div 10 Sky Blue,2,Beer Dragons,3,Division 10,Division 10,REG
,6-Oct-24,Seattle Freeze,10,Fighting Mongooses,1,Division 7,Division 7B,REG
,6-Oct-24,Spicy Kittens,3,Post Busters,1,Division 9B,Division 10,REG
,6-Oct-24,Stingers,6,Dumb Pucks,2,Division 6,Division 6,REG
,6-Oct-24,Mudflaps,0,Blades,7,Division 6C,Division 6C,REG
,6-Oct-24,Monarchs 6B,3,Rainier Reindeer HC-6A,4,Division 6B,Division 6,REG
,6-Oct-24,Orcas,9,Khaos,2,Division 8C,Division 9,REG
,6-Oct-24,Trash Pandas 6 Landis,3,Raiders,6,Division 6C,Division 6C,REG
,6-Oct-24,Flying Monkeys,7,Roughnecks Mobile Infantry,4,Division 6B,Division 7,REG
,6-Oct-24,Mid-Ice Crisis,0,Rainier Reindeers HC-8,9,Division 9B,Division 10B,REG
,6-Oct-24,Seattle Dogs,6,Royal Pains,9,Division 7,Division 7B,REG
,6-Oct-24,Bandits,2,Not Sure 7B,4,Division 7B,Division 7B,REG
,6-Oct-24,Hungry Hatchlings,0,Fluffy Bunnies,6,Division 8C,Division 8B,REG
,6-Oct-24,Trash Pandas Garbage Legacy,9,Birrds,3,Division 7,Division 7,REG
,6-Oct-24,Puccaneers,3,LKI,4,Division 8,Division 7B,REG
,6-Oct-24,Toe Dragons,2,Purple Reign,0,Division 8C,Division 9B,REG
,6-Oct-24,Blackouts,7,The Quacken,1,Division 9A,Division 9B,REG
,6-Oct-24,SEA Cucumbers,7,Blackbirds,1,Division 9B,Division 9B,REG
,6-Oct-24,Rainiers,5,Seal Team Sticks,4,Division 9,Division 9,REG
,6-Oct-24,Spittin' Llamas,1,Yacht Flippers,2,Division 8C,Division 8C,REG
,6-Oct-24,Mighty Boosh,2,Real Bacon,6,Division 6C,Division 6B,REG
,6-Oct-24,Hampton West Hockey Club,4,Cascadians HC,6,Division 8,Division 7B,REG
,6-Oct-24,BLU Bombers,3,Iced Awesome,3,Division 8,Division 8A,REG
,6-Oct-24,What's Kraken?,4,Coyotes,1,Division 6B,Division 7,REG
,7-Oct-24,Piranhas,5,Squids,3,Division 5D,Division 6,REG
,7-Oct-24,Dead Rabbits,2,DevilFish,2,Division 5,Division 5,REG
,7-Oct-24,Midnight Twist,3,Dirty Couch Hockey Club,4,Division 6,Division 5D,REG
,7-Oct-24,Alpuckas,5,PussyCats,4,Division 6,Division 6,REG
,7-Oct-24,Fossils,1,Jokres,1,Division 5D,Division 5D,REG
,7-Oct-24,Honey Badgers,4,Greenhorns,4,Division 6B,Division 6B,REG
,7-Oct-24,Skeletons,4,Highlanders,2,Division 5,Division 5,REG
,7-Oct-24,Seals 6A,2,Icemen,3,Division 6,Division 6,REG
,7-Oct-24,Trash Pandas 5C,2,Reapers,5,Division 5C,Division 5D,REG
,7-Oct-24,Yetis,2,Monarchs 5D,2,Division 5C,Division 5D,REG
,7-Oct-24,Lumberjacks,5,Dumpster Fire,5,Division 5C,Division 5C,REG
,7-Oct-24,Ice-O-Topes,7,Bullets,4,Division 5B,Division 5B,REG
,7-Oct-24,Kokanees,1,Hooligans,3,Division 5B,Division 5B,REG
,7-Oct-24,Roughnecks - Game Theory,6,Not Sure 5B,1,Division 5,Division 5B,REG
,8-Oct-24,Grey Dust Bunnies,4,Blue Footed Bloobies,3,Women's Division Fall 2024,Women's Division Fall 2024,REG
,8-Oct-24,Pineapple Express,4,White Yetis,4,Women''s Division Fall 2024,Women's Division Fall 2024,REG
,8-Oct-24,40+ Advanced Gray,6,40+ Advanced Red,3,40+ Advanced Fall 2024,40+ Advanced Fall 2024,REG
,8-Oct-24,Renegades,8,BSOD,2,Division 5B,Division 5C,REG
,8-Oct-24,Sasquatch,6,Skateful Dead,2,Division 3B,Division 4,REG
,8-Oct-24,LLUA,1,Maple Bars,5,Division 4C,Division 4B,REG
,8-Oct-24,Black Sheesh,2,Red Hots,1,Women''s Division Fall 2024,Women''s Division Fall 2024,REG
,8-Oct-24,40+ Advanced Green,2,40+ Advanced Black,8,40+ Advanced Fall 2024,40+ Advanced Fall 2024,REG
,8-Oct-24,Moose Knuckle,2,Kraken Up,3,Division 4C,Division 4C,REG
,8-Oct-24,40+ Advanced White,1,40+ Advanced Orange,6,40+ Advanced Fall 2024,40+ Advanced Fall 2024,REG
,9-Oct-24,40+ Grey,6,40+ Red,1,40+ Fall 2024,40+ Fall 2024,REG
,9-Oct-24,Gamblers,3,Black Katz,1,Division 5B,Division 5C,REG
,9-Oct-24,Goal Diggers,2,Puget Sound Pigeons,8,Division 4A,Division 3A,REG
,9-Oct-24,ESB,4,NW Stars,7,Division 1,Division 1,REG
,9-Oct-24,40+ Yellow,7,40+ White,5,40+ Fall 2024,40+ Fall 2024,REG
,9-Oct-24,Growlers,4,Chinooks,7,Division 4,Division 4,REG
,9-Oct-24,Seagulls,5,Coconut Corgis,6,Division 5A,Division 4B,REG
,9-Oct-24,Steelhead,7,Greasy Weasels,1,Division 4B,Division 4B,REG
,9-Oct-24,Night Owls,5,Edible Arrangements,2,Division 4B,Division 4C,REG
,9-Oct-24,40+ Navy,4,40+ Sky Blue,0,40+ Fall 2024,40+ Fall 2024,REG
,9-Oct-24,40+ Orange,5,40+ Royal,3,40+ Fall 2024,40+ Fall 2024,REG
,10-Oct-24,Pheasants,1,Red Dog,12,Division 2,Division 2,REG
,10-Oct-24,Chiefs,6,Puckbuddies,5,Division 3,Division 3,REG
,10-Oct-24,Wolves,5,Schilling Cider,3,Division 4C,Division 4B,REG
,10-Oct-24,Seattle Supernova,3,Brigade,6,Division 1,Division 1,REG
,10-Oct-24,Mavericks,2,Koronis Motors,1,Division 2,Division 2,REG
,10-Oct-24,Fighting Narwhals,11,Booze Hounds,4,Division 2,Division 3,REG
,10-Oct-24,Bombers,2,Sabercats,1,Division 3B,Division 3B,REG
,10-Oct-24,Falcons,11,Mustangs,4,Division 1,Division 1,REG
,10-Oct-24,Rhinos,5,MMHC,4,Division 3,Division 3,REG
,10-Oct-24,Mighty Mallards,4,Hosers,1,Division 4A,Division 4A,REG
,10-Oct-24,Pull Tab Bandits,3,Northwest Crabs,6,Division 2,Division 2,REG
,12-Oct-24,Hampton West Hockey Club,5,BLU Bombers,5,Division 8,Division 8,REG
,12-Oct-24,Seattle Dogs,10,Cascadians HC,2,Division 7,Division 7B,REG
,12-Oct-24,Fighting Mongooses,6,LKI,3,Division 7B,Division 7B,REG
,12-Oct-24,Birrds,3,Royal Pains,3,Division 7,Division 7B,REG
,13-Oct-24,Fluffy Bunnies,8,Scrooge McPuck,2,Division 8B,Division 8B,REG
,13-Oct-24,Bandits,0,Seattle Freeze,5,Division 7B,Division 7,REG
,13-Oct-24,Sockeyes,1,Seals Lower,3,Division 8B,Division 8B,REG
,13-Oct-24,Mudflaps,5,Roughnecks Mobile Infantry,0,Division 6C,Division 7,REG
,13-Oct-24,Flying Monkeys,3,Monarchs 6B,6,Division 6B,Division 6B,REG
,13-Oct-24,Coyotes,3,Not Sure 7B,2,Division 7,Division 7B,REG
,13-Oct-24,Raiders,6,Mighty Boosh,2,Division 6C,Division 6C,REG
,13-Oct-24,Puccaneers,2,Los Tigres,0,Division 8,Division 8,REG
,13-Oct-24,Honey Badgers,4,Roughnecks,2,Division 6B,Division 6B,REG
,13-Oct-24,Real Bacon,3,Greenhorns,1,Division 6B,Division 6B,REG
,13-Oct-24,Trash Pandas 6 Landis,0,What's Kraken?,6,Division 6C,Division 6B,REG
,13-Oct-24,Blackbirds,6,Post Busters,1,Division 9B,Division 10,REG
,13-Oct-24,Mother Cluckers,2,Iced Awesome,6,Division 8B,Division 8A,REG
,13-Oct-24,Seal Team Sticks,0,Orcas,4,Division 9,Division 8C,REG
,13-Oct-24,Mid-Ice Crisis,2,Blackouts,5,Division 9B,Division 9A,REG
,13-Oct-24,Blades,3,Trash Pandas Garbage Legacy,3,Division 6C,Division 7,REG
,13-Oct-24,The Quacken,7,Div 10 Sky Blue,2,Division 9B,Division 10,REG
,13-Oct-24,Hungry Hatchlings,2,Toe Dragons,2,Division 8C,Division 8C,REG
,13-Oct-24,Golden Gobies,7,Arctic Foxes,3,Division 8,Division 8C,REG
,13-Oct-24,Black Katz,0,Trash Pandas 5C,3,Division 5C,Division 5C,REG
,13-Oct-24,Purple Reign,1,SEA Cucumbers,5,Division 9B,Division 9B,REG
,13-Oct-24,Spicy Kittens,4,Beer Dragons,2,Division 9B,Division 10,REG
,13-Oct-24,Fighting Clams,3,Yacht Flippers,3,Division 8C,Division 8C,REG
,13-Oct-24,Spittin' Llamas,6,Rainier Reindeers HC-8,0,Division 8C,Division 10B,REG
,13-Oct-24,Rainiers,6,Khaos,1,Division 9,Division 9,REG
,14-Oct-24,Hooligans,2,Gamblers,2,Division 5B,Division 5B,REG
,14-Oct-24,Squids,7,Stingers,2,Division 6,Division 6,REG
,14-Oct-24,Kokanees,1,Not Sure 5B,8,Division 5B,Division 5B,REG
,14-Oct-24,Roughnecks - Game Theory,1,Moose Knuckle,8,Division 5,Division 4C,REG
,14-Oct-24,Hackers,2,Rainier Reindeer HC-6A,5,Division 6B,Division 6,REG
,14-Oct-24,Midnight Twist,5,Icemen,3,Division 6,Division 6,REG
,14-Oct-24,PussyCats,9,Dumb Pucks,6,Division 6,Division 6,REG
,14-Oct-24,BSOD,6,Dumpster Fire,3,Division 5C,Division 5C,REG
,14-Oct-24,Dead Rabbits,1,Skeletons,5,Division 5,Division 5,REG
,14-Oct-24,Lumberjacks,4,Yetis,2,Division 5C,Division 5C,REG
,14-Oct-24,Piranhas,3,Fossils,0,Division 5D,Division 5D,REG
,14-Oct-24,Seals 6A,4,Alpuckas,4,Division 6,Division 6,REG
,14-Oct-24,Reapers,4,Monarchs 5D,4,Division 5D,Division 5D,REG
,15-Oct-24,Black Sheesh,2,Pineapple Express,3,Women''s Division Fall 2024,Women''s Division Fall 2024,REG
,15-Oct-24,Schilling Cider,5,Kraken Up,3,Division 4B,Division 4C,REG
,15-Oct-24,Puckbuddies,4,MMHC,3,Division 3,Division 3,REG
,15-Oct-24,40+ Advanced Black,9,40+ Advanced White,6,40+ Advanced Fall 2024,40+ Advanced Fall 2024,REG
,15-Oct-24,Edible Arrangements,1,Greasy Weasels,5,Division 4C,Division 4B,REG
,15-Oct-24,Blue Footed Bloobies,3,White Yetis,5,Women''s Division Fall 2024,Women's Division Fall 2024,REG
,15-Oct-24,40+ Advanced Red,7,40+ Advanced Orange,1,40+ Advanced Fall 2024,40+ Advanced Fall 2024,REG
,15-Oct-24,Grey Dust Bunnies,10,Red Hots,4,Women''s Division Fall 2024,Women''s Division Fall 2024,REG
,15-Oct-24,Red Dog,5,Rhinos,5,Division 2,Division 3,REG
,15-Oct-24,40+ Advanced Gray,7,40+ Advanced Green,5,40+ Advanced Fall 2024,40+ Advanced Fall 2024,REG
,15-Oct-24,Dirty Couch Hockey Club,4,Jokres,6,Division 5D,Division 5D,REG
,16-Oct-24,Steelhead,1,Night Owls,5,Division 4B,Division 4B,REG
,16-Oct-24,40+ Orange,3,40+ Grey,3,40+ Fall 2024,40+ Fall 2024,REG
,16-Oct-24,DevilFish,9,Ice-O-Topes,3,Division 5,Division 5B,REG
,16-Oct-24,Goal Diggers,4,Growlers,4,Division 4A,Division 4,REG
,16-Oct-24,Skateful Dead,7,Mighty Mallards,5,Division 4,Division 4A,REG
,16-Oct-24,40+ Navy,6,40+ Red,1,40+ Fall 2024,40+ Fall 2024,REG
,16-Oct-24,Bombers,3,The Herd,2,Division 3B,Division 3B,REG
,16-Oct-24,40+ White,4,40+ Sky Blue,3,40+ Fall 2024,40+ Fall 2024,REG
,16-Oct-24,Shockers,2,Puget Sound Pigeons,7,Division 3B,Division 3A,REG
,16-Oct-24,Coconut Corgis,2,Maple Bars,9,Division 4B,Division 4B,REG
,16-Oct-24,40+ Yellow,6,40+ Royal,5,40+ Fall 2024,40+ Fall 2024,REG
,17-Oct-24,Falcons,12,Seattle Supernova,0,Division 1,Division 1,REG
,17-Oct-24,Northwest Crabs,3,Koronis Motors,0,Division 2,Division 2,REG
,17-Oct-24,ESB,6,Brigade,3,Division 1,Division 1,REG
,17-Oct-24,Chiefs,4,Fighting Narwhals,6,Division 3,Division 2,REG
,17-Oct-24,Pull Tab Bandits,2,Mavericks,1,Division 2,Division 2,REG
,17-Oct-24,Wolves,4,Highlanders,4,Division 4C,Division 5,REG
,17-Oct-24,Mighty Geoducks,6,Pheasants,2,Division 2,Division 2,REG
,17-Oct-24,Sasquatch,6,Chinooks,3,Division 3B,Division 4,REG
,17-Oct-24,NW Stars,4,Mustangs,4,Division 1,Division 1,REG
,19-Oct-24,Purple Reign,3,Spicy Kittens,4,Division 9B,Division 9B,REG
,19-Oct-24,Blackbirds,3,SEA Cucumbers,4,Division 9B,Division 9B,REG
,20-Oct-24,Blackouts,1,Orcas,6,Division 9A,Division 8C,REG
,20-Oct-24,Post Busters,3,Div 10 Sky Blue,5,Division 10,Division 10,REG
,20-Oct-24,Mid-Ice Crisis,1,Rainiers,5,Division 9B,Division 9,REG
,20-Oct-24,The Quacken,7,Beer Dragons,2,Division 9B,Division 10,REG
,20-Oct-24,Spittin' Llamas,4,Yacht Flippers,0,Division 8C,Division 8C,REG
,20-Oct-24,Raiders,1,What's Kraken?,6,Division 6C,Division 6B,REG
,20-Oct-24,Rainier Reindeers HC-8,1,Hungry Hatchlings,3,Division 10B,Division 8C,REG
,20-Oct-24,Coyotes,6,Seattle Dogs,2,Division 7,Division 7,REG
,20-Oct-24,Monarchs 6B,2,Real Bacon,2,Division 6B,Division 6B,REG
,20-Oct-24,Cascadians HC,5,Royal Pains,4,Division 7B,Division 7B,REG
,20-Oct-24,Khaos,1,Seal Team Sticks,2,Division 9,Division 9,REG
,20-Oct-24,Fighting Clams,4,Toe Dragons,4,Division 8C,Division 8C,REG
,20-Oct-24,Flying Monkeys,5,Greenhorns,1,Division 6B,Division 6B,REG
,20-Oct-24,Fighting Mongooses,2,Not Sure 7B,2,Division 7B,Division 7B,REG
,20-Oct-24,Mudflaps,2,Trash Pandas 6 Landis,3,Division 6C,Division 6C,REG
,20-Oct-24,Birrds,3,Seattle Freeze,7,Division 7,Division 7,REG
,20-Oct-24,Trash Pandas Garbage Legacy,3,Roughnecks Mobile Infantry,3,Division 7,Division 7,REG
,20-Oct-24,Bandits,5,LKI,0,Division 7B,Division 7B,REG
,20-Oct-24,Puccaneers,4,BLU Bombers,4,Division 8A,Division 8A,REG
,20-Oct-24,Los Tigres,3,Hampton West Hockey Club,6,Division 8A,Division 8A,REG
,20-Oct-24,Mother Cluckers,1,Golden Gobies,1,Division 8B,Division 8A,REG
,20-Oct-24,Scrooge McPuck,2,Iced Awesome,9,Division 8B,Division 8A,REG
,20-Oct-24,Seals Lower,5,Fluffy Bunnies,3,Division 8B,Division 8B,REG
,20-Oct-24,Sockeyes,5,Arctic Foxes,2,Division 8B,Division 8C,REG
,21-Oct-24,Skeletons,2,Dead Rabbits,2,Division 5,Division 5,REG
,21-Oct-24,Mighty Boosh,3,Blades,2,Division 6C,Division 6C,REG
,21-Oct-24,Seals 6A,1,Stingers,5,Division 6,Division 6,REG
,21-Oct-24,Icemen,4,PussyCats,5,Division 6,Division 6,REG
,21-Oct-24,Reapers,0,Piranhas,2,Division 5D,Division 5D,REG
,21-Oct-24,Bullets,3,Renegades,5,Division 5B,Division 5B,REG
,21-Oct-24,Monarchs 5D,2,Jokres,2,Division 5D,Division 5D,REG
,21-Oct-24,Dirty Couch Hockey Club,3,Fossils,0,Division 5D,Division 5D,REG
,21-Oct-24,Roughnecks - Game Theory,2,Highlanders,2,Division 5,Division 5,REG
,21-Oct-24,Honey Badgers,6,Hackers,3,Division 6B,Division 6B,REG
,21-Oct-24,Squids,4,Midnight Twist,3,Division 6,Division 6,REG
,21-Oct-24,LLUA,2,Seagulls,2,Division 4C,Division 5A,REG
,21-Oct-24,Alpuckas,6,Dumb Pucks,5,Division 6,Division 6,REG
,21-Oct-24,Roughnecks,0,Rainier Reindeer HC-6A,7,Division 6B,Division 6,REG
,22-Oct-24,Lumberjacks,3,Black Katz,3,Division 5C,Division 5C,REG
,22-Oct-24,40+ Advanced Orange,4,40+ Advanced Green,8,40+ Advanced Fall 2024,40+ Advanced Fall 2024,REG
,22-Oct-24,Coconut Corgis,7,Wolves,4,Division 4B,Division 4C,REG
,22-Oct-24,Grey Dust Bunnies,2,Black Sheesh,2,Women''s Division Fall 2024,Women''s Division Fall 2024,REG
,22-Oct-24,Schilling Cider,3,Moose Knuckle,6,Division 4B,Division 4C,REG
,22-Oct-24,40+ Advanced Red,4,40+ Advanced White,4,40+ Advanced Fall 2024,40+ Advanced Fall 2024,REG
,22-Oct-24,White Yetis,4,Red Hots,1,Women's Division Fall 2024,Women''s Division Fall 2024,REG
,22-Oct-24,BSOD,1,Trash Pandas 5C,2,Division 5C,Division 5C,REG
,22-Oct-24,Dumpster Fire,2,Yetis,4,Division 5C,Division 5C,REG
,22-Oct-24,Blue Footed Bloobies,0,Pineapple Express,6,Women''s Division Fall 2024,Women''s Division Fall 2024,REG
,22-Oct-24,40+ Advanced Gray,5,40+ Advanced Black,6,40+ Advanced Fall 2024,40+ Advanced Fall 2024,REG
,23-Oct-24,Gamblers,2,Kokanees,4,Division 5B,Division 5B,REG
,23-Oct-24,Sabercats,5,Puckbuddies,6,Division 3B,Division 3,REG
,23-Oct-24,Maple Bars,8,Kraken Up,5,Division 4B,Division 4C,REG
,23-Oct-24,40+ Yellow,2,40+ Orange,4,40+ Fall 2024,40+ Fall 2024,REG
,23-Oct-24,DevilFish,4,Not Sure 5B,1,Division 5,Division 5B,REG
,23-Oct-24,Breakers,5,Sasquatch,5,Division 4,Division 3B,REG
,23-Oct-24,40+ Grey,2,40+ Navy,3,40+ Fall 2024,40+ Fall 2024,REG
,23-Oct-24,Edible Arrangements,4,Greasy Weasels,1,Division 4C,Division 4B,REG
,23-Oct-24,40+ White,6,40+ Red,3,40+ Fall 2024,40+ Fall 2024,REG
,23-Oct-24,Skateful Dead,2,Steelhead,6,Division 4,Division 4B,REG
,23-Oct-24,40+ Sky Blue,3,40+ Royal,5,40+ Fall 2024,40+ Fall 2024,REG
,24-Oct-24,Bombers,6,Booze Hounds,2,Division 3B,Division 3,REG
,24-Oct-24,Goal Diggers,4,Chinooks,6,Division 4A,Division 4,REG
,24-Oct-24,Puget Sound Pigeons,,Hosers,,Division 3A,Division 4A,
,24-Oct-24,The Herd,11,Mighty Mallards,2,Division 3B,Division 4A,REG
,24-Oct-24,MMHC,8,Shockers,2,Division 3,Division 3B,REG
,24-Oct-24,Ice-O-Topes,2,Hooligans,3,Division 5B,Division 5B,REG
,24-Oct-24,Chiefs,7,Rhinos,2,Division 3,Division 3,REG
,24-Oct-24,Growlers,3,Night Owls,1,Division 4,Division 4B,REG
,26-Oct-24,Seattle Dogs,7,Roughnecks Mobile Infantry,2,Division 7A,Division 7A,REG
,27-Oct-24,Los Tigres,4,Puccaneers,3,Division 8A,Division 8A,REG
,27-Oct-24,BLU Bombers,9,Mother Cluckers,4,Division 8A,Division 8B,REG
,27-Oct-24,Hampton West Hockey Club,5,Golden Gobies,1,Division 8A,Division 8A,REG
,27-Oct-24,Monarchs 6B,3,Greenhorns,3,Division 6B,Division 6B,REG
,27-Oct-24,Mighty Boosh,2,What's Kraken?,8,Division 6C,Division 6B,REG
,27-Oct-24,Trash Pandas 6 Landis,4,Blades,11,Division 6C,Division 6C,REG
,27-Oct-24,Fighting Mongooses,5,Bandits,3,Division 7B,Division 7B,REG
,27-Oct-24,Iced Awesome,4,Fluffy Bunnies,2,Division 8A,Division 8B,REG
,27-Oct-24,Arctic Foxes,0,Seals Lower,5,Division 8C,Division 8B,REG
,27-Oct-24,Fighting Clams,4,Spittin' Llamas,6,Division 8C,Division 8C,REG
,27-Oct-24,Raiders,6,Mudflaps,3,Division 6C,Division 6C,REG
,27-Oct-24,Seattle Freeze,1,Coyotes,3,Division 7A,Division 7A,REG
,27-Oct-24,Royal Pains,3,Not Sure 7B,2,Division 7B,Division 7B,REG
,27-Oct-24,Div 10 Sky Blue,0,The Quacken,4,Division 10,Division 9B,REG
,27-Oct-24,Spicy Kittens,1,SEA Cucumbers,2,Division 9B,Division 9B,REG
,27-Oct-24,Mid-Ice Crisis,2,Blackouts,6,Division 9B,Division 9A,REG
,27-Oct-24,Cascadians HC,2,LKI,1,Division 7B,Division 7B,REG
,27-Oct-24,Seal Team Sticks,1,Rainiers,4,Division 9A,Division 9A,REG
,27-Oct-24,Hungry Hatchlings,6,Yacht Flippers,5,Division 8C,Division 8C,REG
,27-Oct-24,Beer Dragons,2,Post Busters,3,Division 10,Division 10,REG
,27-Oct-24,Scrooge McPuck,2,Sockeyes,9,Division 8B,Division 8B,REG
,27-Oct-24,Purple Reign,6,Blackbirds,1,Division 9B,Division 9B,REG
,27-Oct-24,Rainier Reindeers HC-8,1,Toe Dragons,1,Division 8C,Division 8C,REG
,27-Oct-24,Khaos,2,Orcas,6,Division 9A,Division 8C,REG
,28-Oct-24,Squids,5,Icemen,4,Division 6,Division 6,REG
,28-Oct-24,Stingers,5,Roughnecks,1,Division 6,Division 6B,REG
,28-Oct-24,Rainier Reindeer HC-6A,1,Honey Badgers,3,Division 6,Division 6B,REG
,28-Oct-24,Alpuckas,3,Midnight Twist,5,Division 6,Division 6,REG
,28-Oct-24,Dumb Pucks,8,Hackers,4,Division 6,Division 6B,REG
,28-Oct-24,Not Sure 5B,5,Bullets,3,Division 5B,Division 5B,REG
,28-Oct-24,Ice-O-Topes,1,Renegades,2,Division 5B,Division 5B,REG
,28-Oct-24,Piranhas,5,Jokres,2,Division 5D,Division 5D,REG
,28-Oct-24,Flying Monkeys,1,Real Bacon,5,Division 6B,Division 6B,REG
,28-Oct-24,Reapers,6,Dirty Couch Hockey Club,1,Division 5D,Division 5D,REG
,28-Oct-24,Seals 6A,6,PussyCats,1,Division 6,Division 6,REG
,29-Oct-24,40+ Advanced Orange,3,40+ Advanced Gray,1,40+ Advanced Fall 2024,40+ Advanced Fall 2024,REG
,29-Oct-24,White Yetis,2,Grey Dust Bunnies,1,Women's Division Fall 2024,Women''s Division Fall 2024,REG
,29-Oct-24,40+ Advanced Black,3,40+ Advanced Red,0,40+ Advanced Fall 2024,40+ Advanced Fall 2024,REG
,29-Oct-24,Red Hots,8,Pineapple Express,3,Women''s Division Fall 2024,Women''s Division Fall 2024,REG
,29-Oct-24,Monarchs 5D,2,Fossils,4,Division 5D,Division 5D,REG
,29-Oct-24,Growlers,4,Breakers,2,Division 4,Division 4,REG
,29-Oct-24,Kraken Up,9,Seagulls,4,Division 4C,Division 5A,REG
,29-Oct-24,Mighty Mallards,1,Puget Sound Pigeons,7,Division 4A,Division 3A,REG
,29-Oct-24,Goal Diggers,0,Hosers,3,Division 4A,Division 4A,REG
,29-Oct-24,40+ Advanced Green,2,40+ Advanced White,6,40+ Advanced Fall 2024,40+ Advanced Fall 2024,REG
,29-Oct-24,Blue Footed Bloobies,9,Black Sheesh,2,Women''s Division Fall 2024,Women''s Division Fall 2024,REG
,29-Oct-24,Schilling Cider,5,LLUA,2,Division 4B,Division 4C,REG
,29-Oct-24,Booze Hounds,7,Sabercats,1,Division 3,Division 3B,REG
,29-Oct-24,Shockers,2,The Herd,9,Division 3B,Division 3B,REG
,30-Oct-24,Pheasants,4,Mavericks,4,Division 2,Division 2,REG
,30-Oct-24,40+ Sky Blue,4,40+ Orange,1,40+ Fall 2024,40+ Fall 2024,REG
,30-Oct-24,Mustangs,4,ESB,6,Division 1,Division 1,REG
,30-Oct-24,40+ Royal,7,40+ Red,5,40+ Fall 2024,40+ Fall 2024,REG
,30-Oct-24,Fighting Narwhals,3,Pull Tab Bandits,10,Division 2,Division 2,REG
,30-Oct-24,Mighty Geoducks,2,Northwest Crabs,3,Division 2,Division 2,REG
,30-Oct-24,Seattle Supernova,4,NW Stars,3,Division 1,Division 1,REG
,30-Oct-24,40+ Yellow,4,40+ Grey,2,40+ Fall 2024,40+ Fall 2024,REG
,30-Oct-24,Brigade,3,Falcons,11,Division 1,Division 1,REG
,30-Oct-24,Red Dog,3,Koronis Motors,6,Division 2,Division 2,REG
,30-Oct-24,40+ White,2,40+ Navy,4,40+ Fall 2024,40+ Fall 2024,REG
,2-Nov-24,Raiders,4,Blades,1,Division 6C,Division 6C,REG
,2-Nov-24,Flying Monkeys,3,Monarchs 6B,5,Division 6B,Division 6B,REG
,2-Nov-24,Hackers,5,Greenhorns,4,Division 6B,Division 6B,REG
,3-Nov-24,Seattle Dogs,5,Trash Pandas Garbage Legacy,4,Division 7A,Division 7A,REG
,3-Nov-24,Iced Awesome,6,Seals Lower,3,Division 8A,Division 8B,REG
,3-Nov-24,Arctic Foxes,1,Scrooge McPuck,3,Division 8C,Division 8B,REG
,3-Nov-24,Honey Badgers,2,Real Bacon,2,Division 6B,Division 6B,REG
,3-Nov-24,Fluffy Bunnies,5,Sockeyes,3,Division 8B,Division 8B,REG
,3-Nov-24,Roughnecks Mobile Infantry,0,Coyotes,3,Division 7A,Division 7A,REG
,3-Nov-24,Seal Team Sticks,7,Mid-Ice Crisis,2,Division 9A,Division 9B,REG
,3-Nov-24,Rainier Reindeers HC-8,3,Fighting Clams,3,Division 8C,Division 8C,REG
,3-Nov-24,Rainiers,0,Orcas,2,Division 9A,Division 8C,REG
,3-Nov-24,Div 10 Sky Blue,3,Beer Dragons,0,Division 10,Division 10,REG
,3-Nov-24,Hungry Hatchlings,4,Spittin' Llamas,5,Division 8C,Division 8C,REG
,3-Nov-24,Khaos,5,Blackouts,2,Division 9A,Division 9A,REG
,3-Nov-24,Birrds,6,Seattle Freeze,7,Division 7A,Division 7A,REG
,3-Nov-24,SEA Cucumbers,2,Purple Reign,6,Division 9B,Division 9B,REG
,3-Nov-24,The Quacken,6,Post Busters,0,Division 9B,Division 10,REG
,3-Nov-24,Yacht Flippers,3,Toe Dragons,3,Division 8C,Division 8C,REG
,3-Nov-24,BLU Bombers,3,Los Tigres,3,Division 8A,Division 8A,REG
,3-Nov-24,Dumpster Fire,2,Monarchs 5D,6,Division 5C,Division 5D,REG
,3-Nov-24,Golden Gobies,2,Puccaneers,1,Division 8A,Division 8A,REG
,3-Nov-24,Blackbirds,2,Spicy Kittens,6,Division 9B,Division 9B,REG
,3-Nov-24,Hampton West Hockey Club,6,Mother Cluckers,1,Division 8A,Division 8B,REG
,3-Nov-24,Not Sure 7B,3,LKI,1,Division 7B,Division 7B,REG
,3-Nov-24,Royal Pains,7,Fighting Mongooses,5,Division 7B,Division 7B,REG
,3-Nov-24,Cascadians HC,9,Bandits,1,Division 7B,Division 7B,REG
,4-Nov-24,Wolves,5,LLUA,3,Division 4C,Division 4C,REG
,4-Nov-24,Not Sure 5B,6,Hooligans,4,Division 5B,Division 5B,REG
,4-Nov-24,What's Kraken?,7,Trash Pandas 6 Landis,0,Division 6B,Division 6C,REG
,4-Nov-24,Black Katz,4,Reapers,1,Division 5C,Division 5D,REG
,4-Nov-24,Ice-O-Topes,4,Gamblers,2,Division 5B,Division 5B,REG
,4-Nov-24,Highlanders,4,Renegades,2,Division 5,Division 5B,REG
,4-Nov-24,Bullets,1,Kokanees,4,Division 5B,Division 5B,REG
,4-Nov-24,Mudflaps,2,Mighty Boosh,8,Division 6C,Division 6C,REG
,4-Nov-24,Trash Pandas 5C,3,Yetis,2,Division 5C,Division 5C,REG
,4-Nov-24,Skeletons,11,DevilFish,3,Division 5,Division 5,REG
,4-Nov-24,BSOD,5,Lumberjacks,3,Division 5C,Division 5C,REG
,5-Nov-24,Black Sheesh,1,White Yetis,5,Women''s Division Fall 2024,Women''s Division Fall 2024,REG
,5-Nov-24,Breakers,4,Skateful Dead,4,Division 4,Division 4,REG
,5-Nov-24,Red Hots,2,Blue Footed Bloobies,3,Women''s Division Fall 2024,Women''s Division Fall 2024,REG
,5-Nov-24,Coconut Corgis,3,Night Owls,2,Division 4B,Division 4B,REG
,5-Nov-24,40+ Advanced Green,1,40+ Advanced Red,4,40+ Advanced Fall 2024,40+ Advanced Fall 2024,REG
,5-Nov-24,40+ Advanced Black,7,40+ Advanced Orange,2,40+ Advanced Fall 2024,40+ Advanced Fall 2024,REG
,5-Nov-24,Maple Bars,1,Greasy Weasels,1,Division 4B,Division 4B,REG
,5-Nov-24,40+ Advanced White,2,40+ Advanced Gray,5,40+ Advanced Fall 2024,40+ Advanced Fall 2024,REG
,5-Nov-24,Pineapple Express,1,Grey Dust Bunnies,0,Women''s Division Fall 2024,Women''s Division Fall 2024,REG
,5-Nov-24,Dirty Couch Hockey Club,5,Rainier Reindeer HC-6A,2,Division 5D,Division 6A,REG
,5-Nov-24,Dead Rabbits,6,Roughnecks - Game Theory,2,Division 5,Division 5,REG
,6-Nov-24,40+ Sky Blue,9,40+ Yellow,5,40+ Fall 2024,40+ Fall 2024,REG
,6-Nov-24,Pheasants,3,Koronis Motors,6,Division 2,Division 2,REG
,6-Nov-24,Mighty Mallards,3,Shockers,5,Division 4A,Division 3B,REG
,6-Nov-24,Rhinos,7,Booze Hounds,8,Division 3,Division 3,REG
,6-Nov-24,Goal Diggers,5,Sasquatch,9,Division 4A,Division 3B,REG
,6-Nov-24,40+ Red,3,40+ Orange,6,40+ Fall 2024,40+ Fall 2024,REG
,6-Nov-24,40+ White,2,40+ Grey,2,40+ Fall 2024,40+ Fall 2024,REG
,6-Nov-24,Edible Arrangements,2,Steelhead,4,Division 4C,Division 4B,REG
,6-Nov-24,Bombers,3,Puckbuddies,6,Division 3B,Division 3,REG
,6-Nov-24,Schilling Cider,10,Seagulls,0,Division 4B,Division 5A,REG
,6-Nov-24,Moose Knuckle,1,Kraken Up,5,Division 4C,Division 4C,REG
,6-Nov-24,40+ Royal,0,40+ Navy,5,40+ Fall 2024,40+ Fall 2024,REG
,6-Nov-24,Chinooks,4,Growlers,2,Division 4,Division 4,REG
,7-Nov-24,Sabercats,3,Chiefs,10,Division 3B,Division 3,REG
,7-Nov-24,Hosers,3,The Herd,9,Division 4A,Division 3B,REG
,7-Nov-24,Red Dog,2,Mavericks,7,Division 2,Division 2,REG
,7-Nov-24,Brigade,1,NW Stars,7,Division 1,Division 1,REG
,7-Nov-24,ESB,6,Falcons,9,Division 1,Division 1,REG
,7-Nov-24,Puget Sound Pigeons,5,MMHC,3,Division 3A,Division 3,REG
,7-Nov-24,Fighting Narwhals,2,Northwest Crabs,7,Division 2,Division 2,REG
,7-Nov-24,Mustangs,2,Seattle Supernova,7,Division 1,Division 1,REG
,7-Nov-24,Mighty Geoducks,4,Pull Tab Bandits,3,Division 2,Division 2,REG
,9-Nov-24,Roughnecks,8,Trash Pandas 6 Landis,5,Division 6B,Division 6C,REG
,9-Nov-24,Stingers,5,Alpuckas,2,Division 6A,Division 6A,REG
,10-Nov-24,Toe Dragons,1,Spittin' Llamas,4,Division 8C,Division 8C,REG
,10-Nov-24,Purple Reign,2,Spicy Kittens,2,Division 9B,Division 9B,REG
,10-Nov-24,Hampton West Hockey Club,3,BLU Bombers,4,Division 8A,Division 8A,REG
,10-Nov-24,SEA Cucumbers,2,Blackbirds,2,Division 9B,Division 9B,REG
,10-Nov-24,Beer Dragons,6,The Quacken,4,Division 10,Division 9B,REG
,10-Nov-24,Bandits,,Royal Pains,,Division 7B,Division 7B,
,10-Nov-24,Rainiers,2,Khaos,1,Division 9A,Division 9A,REG
,10-Nov-24,Monarchs 5D,5,Piranhas,5,Division 5D,Division 5D,REG
,10-Nov-24,Yacht Flippers,1,Rainier Reindeers HC-8,2,Division 8C,Division 8C,REG
,10-Nov-24,Post Busters,0,Div 10 Sky Blue,4,Division 10,Division 10,REG
,10-Nov-24,Orcas,11,Mid-Ice Crisis,0,Division 8C,Division 9B,REG
,10-Nov-24,Birrds,5,Seattle Dogs,4,Division 7A,Division 7A,REG
,10-Nov-24,Blackouts,2,Seal Team Sticks,4,Division 9A,Division 9A,REG
,10-Nov-24,Squids,4,Dumb Pucks,6,Division 6A,Division 6A,REG
,10-Nov-24,Dumpster Fire,0,Trash Pandas 5C,5,Division 5C,Division 5C,REG
,10-Nov-24,LKI,1,Fighting Mongooses,9,Division 7B,Division 7B,REG
,10-Nov-24,Sockeyes,3,Seals Lower,4,Division 8B,Division 8B,REG
,10-Nov-24,Mudflaps,,Blades,,Division 6C,Division 6C,
,10-Nov-24,Not Sure 7B,8,Cascadians HC,0,Division 7B,Division 7B,REG
,10-Nov-24,Greenhorns,1,Real Bacon,4,Division 6B,Division 6B,REG
,10-Nov-24,Seals 6A,5,Icemen,7,Division 6A,Division 6A,REG
,10-Nov-24,Iced Awesome,7,Arctic Foxes,0,Division 8A,Division 8C,REG
,10-Nov-24,Hungry Hatchlings,7,Fighting Clams,3,Division 8C,Division 8C,REG
,10-Nov-24,Golden Gobies,7,Los Tigres,2,Division 8A,Division 8A,REG
,10-Nov-24,Coyotes,,Trash Pandas Garbage Legacy,,Division 7A,Division 7A,
,10-Nov-24,Roughnecks Mobile Infantry,0,Seattle Freeze,6,Division 7A,Division 7A,REG
,10-Nov-24,Fluffy Bunnies,7,Scrooge McPuck,1,Division 8B,Division 8B,REG
,10-Nov-24,What's Kraken?,5,Raiders,2,Division 6B,Division 6C,REG
,10-Nov-24,Puccaneers,5,Mother Cluckers,0,Division 8A,Division 8B,REG
,11-Nov-24,Reapers,5,Fossils,1,Division 5D,Division 5D,REG
,11-Nov-24,Roughnecks - Game Theory,2,DevilFish,6,Division 5A,Division 5A,REG
,11-Nov-24,Midnight Twist,4,Mighty Boosh,0,Division 6A,Division 6C,REG
,11-Nov-24,Hackers,6,Monarchs 6B,4,Division 6B,Division 6B,REG
,11-Nov-24,Dirty Couch Hockey Club,4,Jokres,6,Division 5D,Division 5D,REG
,11-Nov-24,Kokanees,6,Lumberjacks,1,Division 5B,Division 5C,REG
,11-Nov-24,Moose Knuckle,2,Wolves,2,Division 4C,Division 4C,REG
,11-Nov-24,Gamblers,5,BSOD,2,Division 5B,Division 5C,REG
,11-Nov-24,Flying Monkeys,4,Honey Badgers,4,Division 6B,Division 6B,REG
,11-Nov-24,Highlanders,4,Skeletons,2,Division 5A,Division 5A,REG
,11-Nov-24,Greasy Weasels,0,Coconut Corgis,5,Division 4B,Division 4B,REG
,11-Nov-24,Night Owls,6,Maple Bars,3,Division 4B,Division 4B,REG
,11-Nov-24,Not Sure 5B,5,Ice-O-Topes,3,Division 5B,Division 5B,REG
,11-Nov-24,Bullets,1,Hooligans,7,Division 5B,Division 5B,REG
,12-Nov-24,Red Hots,9,Black Sheesh,1,Women''s Division Fall 2024,Women''s Division Fall 2024,REG
,12-Nov-24,Yetis,3,Black Katz,2,Division 5C,Division 5C,REG
,12-Nov-24,Skateful Dead,5,Growlers,4,Division 4A,Division 4A,REG
,12-Nov-24,40+ Advanced White,3,40+ Advanced Orange,3,40+ Advanced Fall 2024,40+ Advanced Fall 2024,REG
,12-Nov-24,Dead Rabbits,5,Renegades,1,Division 5A,Division 5B,REG
,12-Nov-24,Pineapple Express,3,White Yetis,6,Women''s Division Fall 2024,Women''s Division Fall 2024,REG
,12-Nov-24,40+ Advanced Green,2,40+ Advanced Black,4,40+ Advanced Fall 2024,40+ Advanced Fall 2024,REG
,12-Nov-24,Sabercats,4,MMHC,6,Division 3B,Division 3A,REG
,12-Nov-24,Breakers,8,Chinooks,4,Division 4A,Division 4A,REG
,12-Nov-24,40+ Advanced Gray,2,40+ Advanced Red,0,40+ Advanced Fall 2024,40+ Advanced Fall 2024,REG
,12-Nov-24,Grey Dust Bunnies,2,Blue Footed Bloobies,1,Women''s Division Fall 2024,Women''s Division Fall 2024,REG
,13-Nov-24,Steelhead,2,Seagulls,2,Division 4B,Division 5A,REG
,13-Nov-24,LLUA,7,Kraken Up,4,Division 4C,Division 4C,REG
,13-Nov-24,Edible Arrangements,3,Schilling Cider,8,Division 4C,Division 4B,REG
,13-Nov-24,40+ Orange,3,40+ Navy,1,40+ Fall 2024,40+ Fall 2024,REG
,13-Nov-24,Puget Sound Pigeons,7,The Herd,6,Division 3A,Division 3B,REG
,13-Nov-24,40+ Royal,4,40+ White,5,40+ Fall 2024,40+ Fall 2024,REG
,13-Nov-24,40+ Red,2,40+ Yellow,4,40+ Fall 2024,40+ Fall 2024,REG
,13-Nov-24,Hosers,0,Sasquatch,3,Division 4A,Division 3B,REG
,13-Nov-24,Mighty Mallards,1,Goal Diggers,6,Division 4A,Division 4A,REG
,13-Nov-24,Red Dog,11,Chiefs,6,Division 2,Division 3A,REG
,13-Nov-24,40+ Grey,6,40+ Sky Blue,0,40+ Fall 2024,40+ Fall 2024,REG
,14-Nov-24,Koronis Motors,3,Fighting Narwhals,4,Division 2,Division 2,REG
,14-Nov-24,Mavericks,7,Mighty Geoducks,2,Division 2,Division 2,REG
,14-Nov-24,Booze Hounds,5,Puckbuddies,6,Division 3A,Division 3A,REG
,14-Nov-24,Bombers,2,Shockers,1,Division 3B,Division 3B,REG
,14-Nov-24,Northwest Crabs,6,Pull Tab Bandits,4,Division 2,Division 2,REG
,14-Nov-24,Pheasants,5,Rhinos,5,Division 2,Division 3A,REG
,14-Nov-24,ESB,3,Seattle Supernova,1,Division 1,Division 1,REG
,14-Nov-24,NW Stars,6,Falcons,2,Division 1,Division 1,REG
,14-Nov-24,Mustangs,7,Brigade,9,Division 1,Division 1,REG
,16-Nov-24,Rainiers,6,Blackouts,1,Division 9A,Division 9A,REG
,16-Nov-24,Orcas,7,Seal Team Sticks,1,Division 8C,Division 9A,REG
,17-Nov-24,Blackbirds,1,Purple Reign,4,Division 9B,Division 9B,REG
,17-Nov-24,Mid-Ice Crisis,2,Khaos,8,Division 9B,Division 9A,REG
,17-Nov-24,Mother Cluckers,1,Los Tigres,6,Division 8B,Division 8A,REG
,17-Nov-24,Puccaneers,8,Hampton West Hockey Club,0,Division 8A,Division 8A,REG
,17-Nov-24,Rainier Reindeer HC-6A,1,Dumb Pucks,4,Division 6A,Division 6A,REG
,17-Nov-24,Hackers,0,Flying Monkeys,2,Division 6B,Division 6B,REG
,17-Nov-24,Trash Pandas Garbage Legacy,2,Seattle Freeze,5,Division 7A,Division 7A,REG
,17-Nov-24,Golden Gobies,1,BLU Bombers,3,Division 8A,Division 8A,REG
,17-Nov-24,Not Sure 7B,4,Bandits,2,Division 7B,Division 7B,REG
,17-Nov-24,Fighting Mongooses,2,Cascadians HC,5,Division 7B,Division 7B,REG
,17-Nov-24,Mighty Boosh,4,Raiders,4,Division 6C,Division 6C,REG
,17-Nov-24,Blades,7,What's Kraken?,10,Division 6C,Division 6B,REG
,17-Nov-24,Roughnecks Mobile Infantry,2,Birrds,1,Division 7A,Division 7A,REG
,17-Nov-24,Fighting Clams,5,Yacht Flippers,0,Division 8C,Division 8C,REG
,17-Nov-24,LKI,5,Royal Pains,6,Division 7B,Division 7B,REG
,17-Nov-24,Seals Lower,4,Scrooge McPuck,3,Division 8B,Division 8B,REG
,17-Nov-24,Spicy Kittens,3,SEA Cucumbers,6,Division 9B,Division 9B,REG
,17-Nov-24,Post Busters,0,Beer Dragons,1,Division 10,Division 10,REG
,17-Nov-24,Fluffy Bunnies,7,Arctic Foxes,2,Division 8B,Division 8C,REG
,17-Nov-24,Toe Dragons,1,Hungry Hatchlings,3,Division 8C,Division 8C,REG
,17-Nov-24,Sockeyes,3,Iced Awesome,8,Division 8B,Division 8A,REG
,17-Nov-24,Spittin' Llamas,7,Rainier Reindeers HC-8,0,Division 8C,Division 8C,REG
,17-Nov-24,Trash Pandas 6 Landis,2,Mudflaps,4,Division 6C,Division 6C,REG
,17-Nov-24,Div 10 Sky Blue,2,The Quacken,7,Division 10,Division 9B,REG
,17-Nov-24,Coyotes,6,Seattle Dogs,2,Division 7A,Division 7A,REG
,18-Nov-24,Dead Rabbits,5,Highlanders,0,Division 5A,Division 5A,REG
,18-Nov-24,Greenhorns,6,Honey Badgers,0,Division 6B,Division 6B,REG
,18-Nov-24,Alpuckas,4,Squids,4,Division 6A,Division 6A,REG
,18-Nov-24,Icemen,5,Roughnecks,1,Division 6A,Division 6B,REG
,18-Nov-24,Growlers,5,Goal Diggers,3,Division 4A,Division 4A,REG
,18-Nov-24,Bullets,1,DevilFish,4,Division 5B,Division 5A,REG
,18-Nov-24,Real Bacon,3,Monarchs 6B,2,Division 6B,Division 6B,REG
,18-Nov-24,PussyCats,1,Midnight Twist,7,Division 6A,Division 6A,REG
,18-Nov-24,Seals 6A,4,Stingers,1,Division 6A,Division 6A,REG
,18-Nov-24,Piranhas,0,Fossils,0,Division 5D,Division 5D,REG
,18-Nov-24,Kraken Up,,Schilling Cider,,Division 4C,Division 4B,
,18-Nov-24,BSOD,6,Ice-O-Topes,2,Division 5C,Division 5B,REG
,18-Nov-24,Monarchs 5D,4,Jokres,1,Division 5D,Division 5D,REG
,19-Nov-24,40+ Advanced Red,3,40+ Advanced Orange,4,40+ Advanced Fall 2024,40+ Advanced Fall 2024,REG
,19-Nov-24,Greasy Weasels,4,Night Owls,3,Division 4B,Division 4B,REG
,19-Nov-24,Yetis,6,Black Katz,3,Division 5C,Division 5C,REG
,19-Nov-24,Blue Footed Bloobies,,White Yetis,,Women''s Division Fall 2024,Women''s Division Fall 2024,
,19-Nov-24,Breakers,2,Mighty Mallards,0,Division 4A,Division 4A,REG
,19-Nov-24,Reapers,5,Dirty Couch Hockey Club,4,Division 5D,Division 5D,REG
,19-Nov-24,40+ Advanced Gray,4,40+ Advanced Green,4,40+ Advanced Fall 2024,40+ Advanced Fall 2024,REG
,19-Nov-24,Black Sheesh,,Pineapple Express,,Women''s Division Fall 2024,Women''s Division Fall 2024,
,19-Nov-24,Edible Arrangements,4,Coconut Corgis,9,Division 4C,Division 4B,REG
,19-Nov-24,Puckbuddies,6,Rhinos,0,Division 3A,Division 3A,REG
,19-Nov-24,Grey Dust Bunnies,,Red Hots,,Women''s Division Fall 2024,Women''s Division Fall 2024,
,19-Nov-24,Hosers,1,Shockers,3,Division 4A,Division 3B,REG
,19-Nov-24,40+ Advanced White,1,40+ Advanced Black,2,40+ Advanced Fall 2024,40+ Advanced Fall 2024,REG
,20-Nov-24,MMHC,1,Chiefs,5,Division 3A,Division 3A,REG
,20-Nov-24,40+ Navy,2,40+ Yellow,8,40+ Fall 2024,40+ Fall 2024,REG
,20-Nov-24,Skateful Dead,5,Chinooks,5,Division 4A,Division 4A,REG
,20-Nov-24,Sasquatch,5,Bombers,2,Division 3B,Division 3B,REG
,20-Nov-24,Trash Pandas 5C,4,Gamblers,2,Division 5C,Division 5B,REG
,20-Nov-24,The Herd,12,Sabercats,6,Division 3B,Division 3B,REG
,20-Nov-24,40+ Red,1,40+ Sky Blue,5,40+ Fall 2024,40+ Fall 2024,REG
,20-Nov-24,40+ Grey,8,40+ Royal,2,40+ Fall 2024,40+ Fall 2024,REG
,20-Nov-24,Steelhead,3,Maple Bars,5,Division 4B,Division 4B,REG
,20-Nov-24,Dumpster Fire,0,Lumberjacks,4,Division 5C,Division 5C,REG
,20-Nov-24,Skeletons,7,Wolves,4,Division 5A,Division 4C,REG
,20-Nov-24,Puget Sound Pigeons,6,Booze Hounds,9,Division 3A,Division 3A,REG
,20-Nov-24,Kokanees,2,Hooligans,1,Division 5B,Division 5B,REG
,20-Nov-24,40+ Orange,3,40+ White,2,40+ Fall 2024,40+ Fall 2024,REG
,21-Nov-24,Mustangs,3,Falcons,9,Division 1,Division 1,REG
,21-Nov-24,Pheasants,5,Northwest Crabs,6,Division 2,Division 2,REG
,21-Nov-24,Seattle Supernova,1,Brigade,4,Division 1,Division 1,REG
,21-Nov-24,ESB,3,NW Stars,1,Division 1,Division 1,REG
,21-Nov-24,Red Dog,2,Mighty Geoducks,10,Division 2,Division 2,REG
,21-Nov-24,Moose Knuckle,4,Seagulls,4,Division 4C,Division 5A,REG
,21-Nov-24,Koronis Motors,0,Pull Tab Bandits,4,Division 2,Division 2,REG
,21-Nov-24,Fighting Narwhals,1,Mavericks,8,Division 2,Division 2,REG
,21-Nov-24,Renegades,1,Roughnecks - Game Theory,5,Division 5B,Division 5A,REG
,22-Nov-24,Seattle Freeze,8,Seattle Dogs,1,Division 7A,Division 7A,REG
,23-Nov-24,Gamblers,7,Bullets,3,Division 5B,Division 5B,REG
,23-Nov-24,Mighty Boosh,1,Blades,6,Division 6C,Division 6C,REG
,23-Nov-24,Raiders,4,Trash Pandas 6 Landis,4,Division 6C,Division 6C,REG
,23-Nov-24,What's Kraken?,5,Mudflaps,2,Division 6B,Division 6C,REG
,24-Nov-24,Midnight Twist,5,Icemen,2,Division 6A,Division 6A,REG
,24-Nov-24,Rainier Reindeer HC-6A,3,Stingers,6,Division 6A,Division 6A,REG
,24-Nov-24,Seals Lower,2,Fluffy Bunnies,1,Division 8B,Division 8B,REG
,24-Nov-24,Bandits,8,LKI,3,Division 7B,Division 7B,REG
,24-Nov-24,Scrooge McPuck,4,Iced Awesome,0,Division 8B,Division 8A,REG
,24-Nov-24,Coyotes,7,Birrds,3,Division 7A,Division 7A,REG
,24-Nov-24,Arctic Foxes,0,Sockeyes,9,Division 8C,Division 8B,REG
,24-Nov-24,Rainier Reindeers HC-8,4,Hungry Hatchlings,7,Division 8C,Division 8C,REG
,24-Nov-24,Dumpster Fire,6,Jokres,2,Division 5C,Division 5D,REG
,24-Nov-24,Spittin' Llamas,0,Yacht Flippers,7,Division 8C,Division 8C,REG
,24-Nov-24,Trash Pandas Garbage Legacy,3,Roughnecks Mobile Infantry,0,Division 7A,Division 7A,REG
,24-Nov-24,Khaos,3,Seal Team Sticks,3,Division 9A,Division 9A,REG
,24-Nov-24,Honey Badgers,2,Real Bacon,1,Division 6B,Division 6B,REG
,24-Nov-24,The Quacken,6,Post Busters,2,Division 9B,Division 10,REG
,24-Nov-24,Los Tigres,1,Hampton West Hockey Club,2,Division 8A,Division 8A,REG
,24-Nov-24,Toe Dragons,0,Fighting Clams,7,Division 8C,Division 8C,REG
,24-Nov-24,BLU Bombers,4,Puccaneers,4,Division 8A,Division 8A,REG
,24-Nov-24,Roughnecks,3,Hackers,5,Division 6B,Division 6B,REG
,24-Nov-24,Mother Cluckers,2,Golden Gobies,5,Division 8B,Division 8A,REG
,24-Nov-24,Beer Dragons,0,Div 10 Sky Blue,3,Division 10,Division 10,REG
,24-Nov-24,Spicy Kittens,4,Blackbirds,1,Division 9B,Division 9B,REG
,24-Nov-24,Fossils,2,Squids,4,Division 5D,Division 6A,REG
,24-Nov-24,Monarchs 5D,1,Reapers,5,Division 5D,Division 5D,REG
,24-Nov-24,Blackouts,2,Orcas,7,Division 9A,Division 8C,REG
,24-Nov-24,Flying Monkeys,6,Greenhorns,2,Division 6B,Division 6B,REG
,24-Nov-24,Fighting Mongooses,2,Not Sure 7B,4,Division 7B,Division 7B,REG
,24-Nov-24,Mid-Ice Crisis,1,Rainiers,11,Division 9B,Division 9A,REG
,24-Nov-24,SEA Cucumbers,4,Purple Reign,1,Division 9B,Division 9B,REG
,24-Nov-24,Cascadians HC,7,Royal Pains,5,Division 7B,Division 7B,REG
,25-Nov-24,Hooligans,5,Renegades,3,Division 5B,Division 5B,REG
,25-Nov-24,Seagulls,3,Wolves,7,Division 5A,Division 4C,REG
,25-Nov-24,Skeletons,4,Roughnecks - Game Theory,1,Division 5A,Division 5A,REG
,25-Nov-24,PussyCats,5,Dumb Pucks,4,Division 6A,Division 6A,REG
,25-Nov-24,Growlers,1,Goal Diggers,1,Division 4A,Division 4A,REG
,25-Nov-24,Dirty Couch Hockey Club,1,Piranhas,2,Division 5D,Division 5D,REG
,25-Nov-24,Steelhead,2,Coconut Corgis,2,Division 4B,Division 4B,REG
,25-Nov-24,Kokanees,6,Ice-O-Topes,2,Division 5B,Division 5B,REG
,25-Nov-24,Lumberjacks,5,Trash Pandas 5C,5,Division 5C,Division 5C,REG
,25-Nov-24,Not Sure 5B,4,Dead Rabbits,6,Division 5B,Division 5A,REG
,25-Nov-24,Alpuckas,0,Seals 6A,4,Division 6A,Division 6A,REG
,25-Nov-24,Highlanders,3,Kraken Up,5,Division 5A,Division 4C,REG
,25-Nov-24,Schilling Cider,7,LLUA,6,Division 4B,Division 4C,REG
,25-Nov-24,Edible Arrangements,4,Maple Bars,6,Division 4C,Division 4B,REG
,25-Nov-24,Yetis,1,BSOD,5,Division 5C,Division 5C,REG
,26-Nov-24,Mighty Mallards,4,The Herd,6,Division 4A,Division 3B,REG
,26-Nov-24,Blue Footed Bloobies,8,Pineapple Express,4,Women''s Division Fall 2024,Women''s Division Fall 2024,REG
,26-Nov-24,Sabercats,4,Booze Hounds,7,Division 3B,Division 3A,REG
,26-Nov-24,40+ Advanced Orange,4,40+ Advanced Green,2,40+ Advanced Fall 2024,40+ Advanced Fall 2024,REG
,26-Nov-24,40+ Advanced Black,3,40+ Advanced Gray,5,40+ Advanced Fall 2024,40+ Advanced Fall 2024,REG
,26-Nov-24,Breakers,4,Hosers,5,Division 4A,Division 4A,REG
,26-Nov-24,Black Sheesh,1,Grey Dust Bunnies,4,Women''s Division Fall 2024,Women''s Division Fall 2024,REG
,26-Nov-24,Shockers,2,Puget Sound Pigeons,4,Division 3B,Division 3A,REG
,26-Nov-24,White Yetis,4,Red Hots,1,Women''s Division Fall 2024,Women''s Division Fall 2024,REG
,26-Nov-24,40+ Advanced Red,4,40+ Advanced White,6,40+ Advanced Fall 2024,40+ Advanced Fall 2024,REG
,26-Nov-24,Mustangs,6,NW Stars,2,Division 1,Division 1,REG
,1-Dec-24,Hungry Hatchlings,5,Yacht Flippers,2,Division 8C,Division 8C,REG
,1-Dec-24,Rainier Reindeers HC-8,0,Toe Dragons,2,Division 8C,Division 8C,REG
,1-Dec-24,Hampton West Hockey Club,2,Golden Gobies,2,Division 8A,Division 8A,REG
,1-Dec-24,Jokres,6,Reapers,4,Division 5D,Division 5D,REG
,1-Dec-24,Khaos,0,Orcas,7,Division 9A,Division 8C,REG
,1-Dec-24,Fighting Clams,5,Spittin' Llamas,4,Division 8C,Division 8C,REG
,1-Dec-24,Scrooge McPuck,2,Sockeyes,4,Division 8B,Division 8B,REG
,1-Dec-24,Trash Pandas 5C,0,BSOD,3,Division 5C,Division 5C,REG
,1-Dec-24,Seattle Dogs,1,Roughnecks Mobile Infantry,2,Division 7A,Division 7A,REG
,1-Dec-24,Purple Reign,4,Spicy Kittens,4,Division 9B,Division 9B,REG
,1-Dec-24,Royal Pains,6,Not Sure 7B,3,Division 7B,Division 7B,REG
,1-Dec-24,Bandits,7,Fighting Mongooses,3,Division 7B,Division 7B,REG
,1-Dec-24,Gamblers,7,Yetis,0,Division 5B,Division 5C,REG
,1-Dec-24,The Quacken,5,Beer Dragons,1,Division 9B,Division 10,REG
,1-Dec-24,Blackbirds,1,SEA Cucumbers,7,Division 9B,Division 9B,REG
,1-Dec-24,Iced Awesome,1,Fluffy Bunnies,0,Division 8A,Division 8B,REG
,1-Dec-24,Seals Lower,3,Arctic Foxes,2,Division 8B,Division 8C,REG
,1-Dec-24,Blackouts,3,Mid-Ice Crisis,2,Division 9A,Division 9B,REG
,1-Dec-24,Lumberjacks,0,Monarchs 5D,7,Division 5C,Division 5D,REG
,1-Dec-24,Post Busters,0,Div 10 Sky Blue,5,Division 10,Division 10,REG
,1-Dec-24,Mother Cluckers,0,BLU Bombers,3,Division 8B,Division 8A,REG
,1-Dec-24,Cascadians HC,6,LKI,0,Division 7B,Division 7B,REG
,1-Dec-24,Los Tigres,1,Puccaneers,3,Division 8A,Division 8A,REG
,1-Dec-24,Fossils,3,Piranhas,7,Division 5D,Division 5D,REG
,1-Dec-24,Seal Team Sticks,4,Rainiers,4,Division 9A,Division 9A,REG
,1-Dec-24,Birrds,2,Trash Pandas Garbage Legacy,4,Division 7A,Division 7A,REG
,2-Dec-24,Real Bacon,2,Hackers,1,Division 6B,Division 6B,REG
,2-Dec-24,Bullets,4,Kokanees,7,Division 5B,Division 5B,REG
,2-Dec-24,Greenhorns,1,Flying Monkeys,4,Division 6B,Division 6B,REG
,2-Dec-24,Hooligans,1,Ice-O-Topes,1,Division 5B,Division 5B,REG
,2-Dec-24,Seattle Freeze,1,Coyotes,3,Division 7A,Division 7A,REG
,2-Dec-24,Mighty Boosh,0,What's Kraken?,7,Division 6C,Division 6B,REG
,2-Dec-24,Maple Bars,7,Coconut Corgis,5,Division 4B,Division 4B,REG
,2-Dec-24,Trash Pandas 6 Landis,0,Blades,6,Division 6C,Division 6C,REG
,2-Dec-24,Raiders,8,Mudflaps,1,Division 6C,Division 6C,REG
,2-Dec-24,Dumpster Fire,5,Black Katz,4,Division 5C,Division 5C,REG
,2-Dec-24,Monarchs 6B,,Honey Badgers,,Division 6B,Division 6B,
,3-Dec-24,Seagulls,0,LLUA,10,Division 5A,Division 4C,REG
,3-Dec-24,Night Owls,4,Edible Arrangements,3,Division 4B,Division 4C,REG
,3-Dec-24,Red Hots,4,Pineapple Express,2,Women''s Division Fall 2024,Women''s Division Fall 2024,REG
,3-Dec-24,White Yetis,6,Grey Dust Bunnies,1,Women''s Division Fall 2024,Women''s Division Fall 2024,REG
,3-Dec-24,40+ Advanced Red,2,40+ Advanced Black,4,40+ Advanced Fall 2024,40+ Advanced Fall 2024,REG
,3-Dec-24,40+ Advanced Green,4,40+ Advanced White,5,40+ Advanced Fall 2024,40+ Advanced Fall 2024,REG
,3-Dec-24,40+ Advanced Orange,4,40+ Advanced Gray,1,40+ Advanced Fall 2024,40+ Advanced Fall 2024,REG
,3-Dec-24,Growlers,3,Breakers,8,Division 4A,Division 4A,REG
,3-Dec-24,Steelhead,5,Greasy Weasels,0,Division 4B,Division 4B,REG
,3-Dec-24,Sasquatch,8,Chinooks,3,Division 3B,Division 4A,REG
,3-Dec-24,Blue Footed Bloobies,8,Black Sheesh,0,Women''s Division Fall 2024,Women''s Division Fall 2024,REG
,3-Dec-24,Schilling Cider,5,Moose Knuckle,5,Division 4B,Division 4C,REG
,3-Dec-24,Skateful Dead,5,Goal Diggers,1,Division 4A,Division 4A,REG
,4-Dec-24,Wolves,3,Kraken Up,8,Division 4C,Division 4C,REG
,4-Dec-24,40+ Orange,3,40+ Royal,1,40+ Fall 2024,40+ Fall 2024,REG
,4-Dec-24,Pull Tab Bandits,4,Red Dog,3,Division 2,Division 2,REG
,4-Dec-24,Booze Hounds,2,MMHC,2,Division 3A,Division 3A,REG
,4-Dec-24,Bullets,0,Not Sure 5B,7,Division 5B,Division 5B,REG
,4-Dec-24,Roughnecks - Game Theory,2,DevilFish,6,Division 5A,Division 5A,REG
,4-Dec-24,Renegades,2,Dead Rabbits,2,Division 5B,Division 5A,REG
,4-Dec-24,40+ Yellow,6,40+ White,9,40+ Fall 2024,40+ Fall 2024,REG
,4-Dec-24,Bombers,3,Puget Sound Pigeons,7,Division 3B,Division 3A,REG
,4-Dec-24,The Herd,9,Shockers,3,Division 3B,Division 3B,REG
,4-Dec-24,Hosers,2,Mighty Mallards,2,Division 4A,Division 4A,REG
,4-Dec-24,40+ Red,5,40+ Grey,9,40+ Fall 2024,40+ Fall 2024,REG
,4-Dec-24,40+ Navy,1,40+ Sky Blue,4,40+ Fall 2024,40+ Fall 2024,REG
,5-Dec-24,Rhinos,4,Sabercats,8,Division 3A,Division 3B,REG
,5-Dec-24,Falcons,1,NW Stars,4,Division 1,Division 1,REG
,5-Dec-24,Koronis Motors,2,Mighty Geoducks,6,Division 2,Division 2,REG
,5-Dec-24,Pheasants,6,Fighting Narwhals,11,Division 2,Division 2,REG
,5-Dec-24,Seattle Supernova,3,Mustangs,3,Division 1,Division 1,REG
,5-Dec-24,Chiefs,6,Puckbuddies,9,Division 3A,Division 3A,REG
,5-Dec-24,Northwest Crabs,4,Mavericks,2,Division 2,Division 2,REG
,5-Dec-24,ESB,13,Brigade,1,Division 1,Division 1,REG
,5-Dec-24,Skeletons,6,Highlanders,2,Division 5A,Division 5A,REG
,7-Dec-24,Beer Dragons,6,Post Busters,0,Division 10,Division 10,REG
,7-Dec-24,Monarchs 6B,7,Greenhorns,2,Division 6B,Division 6B,REG
,7-Dec-24,Div 10 Sky Blue,,The Quacken,,Division 10,Division 9B,
,8-Dec-24,Blades,4,Mighty Boosh,0,Division 6C,Division 6C,REG
,8-Dec-24,Fluffy Bunnies,2,Sockeyes,5,Division 8B,Division 8B,REG
,8-Dec-24,Raiders,1,Trash Pandas 6 Landis,2,Division 6C,Division 6C,REG
,8-Dec-24,Hungry Hatchlings,2,Spittin' Llamas,1,Division 8C,Division 8C,REG
,8-Dec-24,Roughnecks Mobile Infantry,3,Coyotes,2,Division 7A,Division 7A,REG
,8-Dec-24,Bullets,,Coppernails-Cascade,,Division 5B,Cascade Hockey League 2023/24 Inter-League,
,8-Dec-24,BLU Bombers,3,Los Tigres,1,Division 8A,Division 8A,REG
,8-Dec-24,Seal Team Sticks,8,Mid-Ice Crisis,1,Division 9A,Division 9B,REG
,8-Dec-24,Hampton West Hockey Club,8,Mother Cluckers,3,Division 8A,Division 8B,REG
,8-Dec-24,Flying Monkeys,2,Real Bacon,2,Division 6B,Division 6B,REG
,8-Dec-24,Goal Diggers,,United-Cascade,,Division 4A,Cascade Hockey League 2023/24 Inter-League,
,8-Dec-24,Honey Badgers,0,Hackers,6,Division 6B,Division 6B,REG
,8-Dec-24,Mudflaps,1,What's Kraken?,6,Division 6C,Division 6B,REG
,8-Dec-24,Golden Gobies,2,Puccaneers,0,Division 8A,Division 8A,REG
,8-Dec-24,Spicy Kittens,2,SEA Cucumbers,3,Division 9B,Division 9B,REG
,8-Dec-24,Seattle Dogs,4,Trash Pandas Garbage Legacy,4,Division 7A,Division 7A,REG
,8-Dec-24,Dead Rabbits,,Kelly Days-Cascade,,Division 5A,Cascade Hockey League 2023/24 Inter-League,
,8-Dec-24,Midnight Twist,5,Seals 6A,2,Division 6A,Division 6A,REG
,8-Dec-24,Cascadians HC,,Bandits,,Division 7B,Division 7B,
,8-Dec-24,Royal Pains,6,Fighting Mongooses,4,Division 7B,Division 7B,REG
,8-Dec-24,Rainiers,2,Orcas,3,Division 9A,Division 8C,REG
,8-Dec-24,Arctic Foxes,0,Scrooge McPuck,4,Division 8C,Division 8B,REG
,8-Dec-24,Purple Reign,10,Blackbirds,1,Division 9B,Division 9B,REG
,8-Dec-24,Not Sure 7B,4,LKI,0,Division 7B,Division 7B,REG
,8-Dec-24,BSOD,,Fighting Saints-Cascade,,Division 5C,Cascade Hockey League 2023/24 Inter-League,
,8-Dec-24,Alpuckas,2,Rainier Reindeer HC-6A,4,Division 6A,Division 6A,REG
,8-Dec-24,Fighting Clams,,Rainier Reindeers HC-8,,Division 8C,Division 8C,
,8-Dec-24,Iced Awesome,4,Seals Lower,0,Division 8A,Division 8B,REG
,8-Dec-24,Seattle Freeze,8,Birrds,3,Division 7A,Division 7A,REG
,8-Dec-24,Yacht Flippers,0,Toe Dragons,4,Division 8C,Division 8C,REG
,8-Dec-24,Khaos,4,Blackouts,1,Division 9A,Division 9A,REG
,9-Dec-24,Icemen,11,Squids,5,Division 6A,Division 6A,REG
,9-Dec-24,Kraken Up,10,Seagulls,3,Division 4C,Division 5A,REG
,9-Dec-24,Schilling Cider,9,Isotopes-Cascade,4,Division 4B,Cascade Hockey League 2023/24 Inter-League,REG
,9-Dec-24,Fossils,4,Razor Clams - Cascade,0,Division 5D,Cascade Hockey League 2023/24 Inter-League,REG
,9-Dec-24,Growlers,0,Mighty Mallards,9,Division 4A,Division 4A,REG
,9-Dec-24,Maple Bars,6,Night Owls,0,Division 4B,Division 4B,REG
,9-Dec-24,Dirty Couch Hockey Club,1,Monarchs 5D,4,Division 5D,Division 5D,REG
,9-Dec-24,Lumberjacks,3,Yetis,3,Division 5C,Division 5C,REG
,9-Dec-24,Ice-O-Topes,1,Reapers,4,Division 5B,Division 5D,REG
,9-Dec-24,Jokres,3,Piranhas,4,Division 5D,Division 5D,REG
,9-Dec-24,PussyCats,6,Roughnecks,1,Division 6A,Division 6B,REG
,9-Dec-24,Edible Arrangements,2,Greasy Weasels,5,Division 4C,Division 4B,REG
,9-Dec-24,Kokanees,4,Gamblers,4,Division 5B,Division 5B,REG
,9-Dec-24,Breakers,,Wolverines-Cascade,,Division 4A,Cascade Hockey League 2023/24 Inter-League,
,9-Dec-24,Breakers,,Grizzlies-Cascade,,Division 4A,Cascade Hockey League 2023/24 Inter-League,
,9-Dec-24,Dumb Pucks,2,Stingers,1,Division 6A,Division 6A,REG
,9-Dec-24,Coconut Corgis,4,Skateful Dead,6,Division 4B,Division 4A,REG
,10-Dec-24,Roughnecks - Game Theory,1,Wolves,3,Division 5A,Division 4C,REG
,10-Dec-24,Moose Knuckle,5,LLUA,4,Division 4C,Division 4C,REG
,10-Dec-24,Puget Sound Pigeons,9,MMHC,3,Division 3A,Division 3A,REG
,10-Dec-24,Pineapple Express,2,Grey Dust Bunnies,7,Women''s Division Fall 2024,Women''s Division Fall 2024,REG
,10-Dec-24,Black Katz,8,Trash Pandas 5C,0,Division 5C,Division 5C,REG
,10-Dec-24,Red Hots,2,Blue Footed Bloobies,6,Women''s Division Fall 2024,Women''s Division Fall 2024,REG
,10-Dec-24,Chinooks,6,Steelhead,3,Division 4A,Division 4B,REG
,10-Dec-24,White Yetis,4,Black Sheesh,1,Women''s Division Fall 2024,Women''s Division Fall 2024,REG
,11-Dec-24,The Herd,9,Shockers,3,Division 3B,Division 3B,REG
,11-Dec-24,Tigers-Cascade,4,Booze Hounds,6,Cascade Hockey League 2023/24 Inter-League,Division 3A,REG
,11-Dec-24,Mustangs,2,Brigade,2,Division 1,Division 1,REG
,11-Dec-24,Cascade Lumberjacks-Cascade,4,Sabercats,6,Cascade Hockey League 2023/24 Inter-League,Division 3B,REG
,11-Dec-24,Koronis Motors,8,Mavericks,4,Division 2,Division 2,REG
,11-Dec-24,Warriors - Cascade,3,Sasquatch,6,Cascade Hockey League 2023/24 Inter-League,Division 3B,REG
,12-Dec-24,Rhinos,7,Chiefs,5,Division 3A,Division 3A,REG
,12-Dec-24,Northwest Crabs,13,Grizzlies-Cascade,4,Division 2,Cascade Hockey League 2023/24 Inter-League,REG
,12-Dec-24,ESB,4,NW Stars,4,Division 1,Division 1,REG
,12-Dec-24,Highlanders,3,DevilFish,3,Division 5A,Division 5A,REG
,12-Dec-24,Puckbuddies,1,Red Dog,2,Division 3A,Division 2,REG
,12-Dec-24,Hosers,3,Bombers,7,Division 4A,Division 3B,REG
,12-Dec-24,Pheasants,0,Pull Tab Bandits,1,Division 2,Division 2,REG
,12-Dec-24,Falcons,5,Seattle Supernova,2,Division 1,Division 1,REG
,12-Dec-24,Mighty Geoducks,6,Fighting Narwhals,3,Division 2,Division 2,REG
,14-Dec-24,Fluffy Bunnies,9,Scrooge McPuck,2,Division 8B,Division 8B,REG
,14-Dec-24,Sockeyes,2,Seals Lower,4,Division 8B,Division 8B,REG
,14-Dec-24,Arctic Foxes,1,Iced Awesome,7,Division 8C,Division 8A,REG
,15-Dec-24,LKI,3,Fighting Mongooses,1,Division 7B,Division 7B,REG
,15-Dec-24,Monarchs 6B,3,Flying Monkeys,1,Division 6B,Division 6B,REG
,15-Dec-24,Not Sure 7B,5,Cascadians HC,2,Division 7B,Division 7B,REG
,15-Dec-24,Coyotes,4,Trash Pandas Garbage Legacy,0,Division 7A,Division 7A,REG
,15-Dec-24,What's Kraken?,6,Trash Pandas 6 Landis,0,Division 6B,Division 6C,REG
,15-Dec-24,Mudflaps,8,Mighty Boosh,4,Division 6C,Division 6C,REG
,15-Dec-24,Hungry Hatchlings,7,Fighting Clams,4,Division 8C,Division 8C,REG
,15-Dec-24,Toe Dragons,2,Spittin' Llamas,2,Division 8C,Division 8C,REG
,15-Dec-24,Div 10 Sky Blue,3,Beer Dragons,0,Division 10,Division 10,REG
,15-Dec-24,SEA Cucumbers,0,Purple Reign,6,Division 9B,Division 9B,REG
,15-Dec-24,Honey Badgers,3,Real Bacon,4,Division 6B,Division 6B,REG
,15-Dec-24,Golden Gobies,6,Los Tigres,1,Division 8A,Division 8A,REG
,15-Dec-24,Rainiers,6,Khaos,1,Division 9A,Division 9A,REG
,15-Dec-24,Birrds,7,Seattle Dogs,2,Division 7A,Division 7A,REG
,15-Dec-24,Blackbirds,3,Spicy Kittens,5,Division 9B,Division 9B,REG
,15-Dec-24,Yacht Flippers,6,Rainier Reindeers HC-8,2,Division 8C,Division 8C,REG
,15-Dec-24,Puccaneers,4,Mother Cluckers,2,Division 8A,Division 8B,REG
,15-Dec-24,Roughnecks Mobile Infantry,,Seattle Freeze,,Division 7A,Division 7A,
,15-Dec-24,BLU Bombers,2,Hampton West Hockey Club,2,Division 8A,Division 8A,REG
,15-Dec-24,Orcas,5,Mid-Ice Crisis,1,Division 8C,Division 9B,REG
,15-Dec-24,Seal Team Sticks,5,Blackouts,3,Division 9A,Division 9A,REG
,15-Dec-24,Blades,2,Raiders,6,Division 6C,Division 6C,REG
,15-Dec-24,Midnight Twist,1,Rainier Reindeer HC-6A,1,Division 6A,Division 6A,REG
,15-Dec-24,Icemen,,Roughnecks,,Division 6A,Division 6B,
,15-Dec-24,The Quacken,11,Post Busters,0,Division 9B,Division 10,REG
,15-Dec-24,Royal Pains,0,Bandits,8,Division 7B,Division 7B,REG
,16-Dec-24,DevilFish,3,Skeletons,2,Division 5A,Division 5A,REG
,16-Dec-24,Steelhead,8,Edible Arrangements,0,Division 4B,Division 4C,REG
,16-Dec-24,PussyCats,4,Alpuckas,5,Division 6A,Division 6A,REG
,16-Dec-24,Dumpster Fire,1,Trash Pandas 5C,1,Division 5C,Division 5C,REG
,16-Dec-24,BSOD,2,Yetis,2,Division 5C,Division 5C,REG
,16-Dec-24,Black Katz,4,Lumberjacks,1,Division 5C,Division 5C,REG
,16-Dec-24,Not Sure 5B,3,Hooligans,3,Division 5B,Division 5B,REG
,16-Dec-24,The Herd,6,Sasquatch,4,Division 3B,Division 3B,REG
,16-Dec-24,Dumb Pucks,1,Seals 6A,3,Division 6A,Division 6A,REG
,16-Dec-24,Stingers,5,Squids,4,Division 6A,Division 6A,REG
,17-Dec-24,Grey Dust Bunnies,9,Blue Footed Bloobies,5,Women's Division Fall 2024,Women's Division Fall 2024,REG
,17-Dec-24,Moose Knuckle,5,Seagulls,3,Division 4C,Division 5A,REG
,17-Dec-24,Coconut Corgis,1,Night Owls,7,Division 4B,Division 4B,REG
,17-Dec-24,Jokres,5,Dirty Couch Hockey Club,6,Division 5D,Division 5D,REG
,17-Dec-24,Black Sheesh,2,Red Hots,4,Women's Division Fall 2024,Women's Division Fall 2024,REG
,17-Dec-24,Pineapple Express,5,White Yetis,4,Women's Division Fall 2024,Women's Division Fall 2024,REG
,17-Dec-24,Reapers,3,Piranhas,4,Division 5D,Division 5D,REG
,17-Dec-24,Gamblers,,Ice-O-Topes,,Division 5B,Division 5B,
,17-Dec-24,Sabercats,1,Puget Sound Pigeons,8,Division 3B,Division 3A,REG
,18-Dec-24,Breakers,11,Skateful Dead,2,Division 4A,Division 4A,REG
,18-Dec-24,Fossils,4,Monarchs 5D,5,Division 5D,Division 5D,REG
,18-Dec-24,Bullets,2,Kokanees,0,Division 5B,Division 5B,REG
,18-Dec-24,Hosers,2,Chinooks,3,Division 4A,Division 4A,REG
,18-Dec-24,Schilling Cider,2,Greasy Weasels,4,Division 4B,Division 4B,REG
,18-Dec-24,Maple Bars,8,Kraken Up,5,Division 4B,Division 4C,REG
,18-Dec-24,Dead Rabbits,5,Renegades,2,Division 5A,Division 5B,REG
,18-Dec-24,LLUA,3,Wolves,4,Division 4C,Division 4C,REG
,18-Dec-24,Pheasants,5,Puckbuddies,7,Division 2,Division 3A,REG
,18-Dec-24,Bombers,4,Shockers,3,Division 3B,Division 3B,REG
,19-Dec-24,Chiefs,1,Booze Hounds,0,Division 3A,Division 3A,REG
,19-Dec-24,Highlanders,4,Roughnecks - Game Theory,5,Division 5A,Division 5A,REG
,19-Dec-24,Fighting Narwhals,2,Koronis Motors,6,Division 2,Division 2,REG
,19-Dec-24,Mighty Mallards,2,Growlers,4,Division 4A,Division 4A,REG
,19-Dec-24,NW Stars,5,Seattle Supernova,2,Division 1,Division 1,REG
,19-Dec-24,Rhinos,9,MMHC,2,Division 3A,Division 3A,REG
,19-Dec-24,Northwest Crabs,,Red Dog,,Division 2,Division 2,
,19-Dec-24,Pull Tab Bandits,6,Mighty Geoducks,4,Division 2,Division 2,REG
,19-Dec-24,Falcons,7,ESB,2,Division 1,Division 1,REG
,2-Jan-25,Bombers,,The Herd,,Division 3B,Division 3B,
,2-Jan-25,Pull Tab Bandits,6,Mavericks,6,Division 2,Division 2,REG
,2-Jan-25,Mighty Geoducks,11,Chiefs,6,Division 2,Division 3A,REG
,2-Jan-25,Puget Sound Pigeons,4,Shockers,6,Division 3A,Division 3B,REG
,2-Jan-25,Growlers,5,Hosers,5,Division 4A,Division 4A,REG
,2-Jan-25,Falcons,13,Brigade,2,Division 1,Division 1,REG
,2-Jan-25,Puckbuddies,11,MMHC,3,Division 3A,Division 3A,REG
,2-Jan-25,NW Stars,4,Mustangs,4,Division 1,Division 1,REG
,2-Jan-25,ESB,4,Seattle Supernova,2,Division 1,Division 1,REG
,2-Jan-25,Northwest Crabs,8,Koronis Motors,7,Division 2,Division 2,REG
,2-Jan-25,Goal Diggers,2,Breakers,3,Division 4A,Division 4A,REG
,2-Jan-25,Pheasants,9,Booze Hounds,4,Division 2,Division 3A,REG
,4-Jan-25,Purple Reign,3,Spicy Kittens,1,Division 9B,Division 9B,REG
,4-Jan-25,LKI,4,Royal Pains,1,Division 7B,Division 7B,REG
,4-Jan-25,Puccaneers,1,Hampton West Hockey Club,5,Division 8A,Division 8A,REG
,5-Jan-25,Trash Pandas Garbage Legacy,2,Seattle Freeze,8,Division 7A,Division 7A,REG
,5-Jan-25,Trash Pandas 6 Landis,3,Mighty Boosh,9,Division 6C,Division 6C,REG
,5-Jan-25,Bandits,2,Not Sure 7B,0,Division 7B,Division 7B,REG
,5-Jan-25,Mudflaps,2,Blades,5,Division 6C,Division 6C,REG
,5-Jan-25,Blackouts,5,Rainiers,7,Division 9A,Division 9A,REG
,5-Jan-25,What's Kraken?,4,Raiders,1,Division 6B,Division 6C,REG
,5-Jan-25,Fighting Mongooses,3,Cascadians HC,6,Division 7B,Division 7B,REG
,5-Jan-25,Birrds,2,Roughnecks Mobile Infantry,0,Division 7A,Division 7A,REG
,5-Jan-25,Beer Dragons,0,The Quacken,7,Division 10,Division 9B,REG
,5-Jan-25,Sockeyes,2,Iced Awesome,5,Division 8B,Division 8A,REG
,5-Jan-25,SEA Cucumbers,2,Blackbirds,1,Division 9B,Division 9B,REG
,5-Jan-25,Mid-Ice Crisis,1,Khaos,5,Division 9B,Division 9A,REG
,5-Jan-25,Mother Cluckers,,Los Tigres,,Division 8B,Division 8A,
,5-Jan-25,Hackers,2,Monarchs 6B,5,Division 6B,Division 6B,REG
,5-Jan-25,Post Busters,,Div 10 Sky Blue,,Division 10,Division 10,
,5-Jan-25,Post Busters,3,Div 10 Sky Blue,2,Division 10,Division 10,REG
,5-Jan-25,Yacht Flippers,6,Fighting Clams,2,Division 8C,Division 8C,REG
,5-Jan-25,Golden Gobies,3,BLU Bombers,1,Division 8A,Division 8A,REG
,5-Jan-25,Alpuckas,1,Midnight Twist,6,Division 6A,Division 6A,REG
,5-Jan-25,Dumb Pucks,3,Rainier Reindeer HC-6A,3,Division 6A,Division 6A,REG
,5-Jan-25,Fluffy Bunnies,7,Arctic Foxes,2,Division 8B,Division 8C,REG
,5-Jan-25,Spittin' Llamas,,Rainier Reindeers HC-8,,Division 8C,Division 8C,
,5-Jan-25,Stingers,5,Roughnecks,0,Division 6A,Division 6B,REG
,5-Jan-25,Toe Dragons,3,Hungry Hatchlings,4,Division 8C,Division 8C,REG
,5-Jan-25,Flying Monkeys,4,Honey Badgers,4,Division 6B,Division 6B,REG
,5-Jan-25,Seals Lower,8,Scrooge McPuck,3,Division 8B,Division 8B,REG
,5-Jan-25,Orcas,4,Seal Team Sticks,2,Division 8C,Division 9A,REG
,5-Jan-25,Coyotes,1,Seattle Dogs,0,Division 7A,Division 7A,REG
,6-Jan-25,Yetis,4,Trash Pandas 5C,3,Division 5C,Division 5C,REG
,6-Jan-25,Icemen,6,PussyCats,6,Division 6A,Division 6A,REG
,6-Jan-25,Edible Arrangements,1,LLUA,5,Division 4C,Division 4C,REG
,6-Jan-25,Gamblers,2,Hooligans,0,Division 5B,Division 5B,REG
,6-Jan-25,BSOD,1,Lumberjacks,1,Division 5C,Division 5C,REG
,6-Jan-25,Ice-O-Topes,3,Bullets,2,Division 5B,Division 5B,REG
,6-Jan-25,Dumpster Fire,3,Black Katz,4,Division 5C,Division 5C,REG
,6-Jan-25,Greenhorns,2,Real Bacon,4,Division 6B,Division 6B,REG
,6-Jan-25,Schilling Cider,9,Maple Bars,2,Division 4B,Division 4B,REG
,6-Jan-25,Skeletons,5,Roughnecks - Game Theory,2,Division 5A,Division 5A,REG
,6-Jan-25,Piranhas,4,Monarchs 5D,3,Division 5D,Division 5D,REG
,6-Jan-25,Squids,4,Seals 6A,3,Division 6A,Division 6A,REG
,7-Jan-25,40+ Advanced Orange,6,40+ Advanced Green,10,40+ Advanced Winter 2025,40+ Advanced Winter 2025,REG
,7-Jan-25,Moose Knuckle,2,Kraken Up,4,Division 4C,Division 4C,REG
,7-Jan-25,Coconut Corgis,2,Greasy Weasels,4,Division 4B,Division 4B,REG
,7-Jan-25,40+ Advanced Sky Blue,1,40+ Advanced Gray,1,40+ Advanced Winter 2025,40+ Advanced Winter 2025,REG
,7-Jan-25,Reapers,9,Jokres,2,Division 5D,Division 5D,REG
,7-Jan-25,Fossils,5,Dirty Couch Hockey Club,4,Division 5D,Division 5D,REG
,7-Jan-25,Steelhead,7,Night Owls,2,Division 4B,Division 4B,REG
,7-Jan-25,40+ Advanced White,7,40+ Advanced Black,2,40+ Advanced Winter 2025,40+ Advanced Winter 2025,REG
,8-Jan-25,40+ White,6,40+ Navy,4,40+ Winter 2025,40+ Winter 2025,REG
,8-Jan-25,Hosers,4,Skateful Dead,5,Division 4A,Division 4A,REG
,8-Jan-25,40+ Royal,3,40+ Red,5,40+ Winter 2025,40+ Winter 2025,REG
,8-Jan-25,Kokanees,2,Not Sure 5B,7,Division 5B,Division 5B,REG
,8-Jan-25,Wolves,5,Seagulls,1,Division 4C,Division 5A,REG
,8-Jan-25,40+ Yellow,1,40+ Grey,6,40+ Winter 2025,40+ Winter 2025,REG
,8-Jan-25,Sasquatch,5,Breakers,7,Division 3B,Division 4A,REG
,8-Jan-25,Bombers,6,Shockers,1,Division 3B,Division 3B,REG
,8-Jan-25,40+ Sky Blue,3,40+ Orange,0,40+ Winter 2025,40+ Winter 2025,REG
,8-Jan-25,Goal Diggers,5,Mighty Mallards,5,Division 4A,Division 4A,REG
,8-Jan-25,DevilFish,8,Renegades,3,Division 5A,Division 5B,REG
,8-Jan-25,Chinooks,8,Growlers,2,Division 4A,Division 4A,REG
,8-Jan-25,Puget Sound Pigeons,,The Herd,,Division 3A,Division 3B,
,9-Jan-25,Booze Hounds,0,Rhinos,1,Division 3A,Division 3A,REG
,9-Jan-25,Falcons,8,Seattle Supernova,5,Division 1,Division 1,REG
,9-Jan-25,Northwest Crabs,4,Mighty Geoducks,5,Division 2,Division 2,REG
,9-Jan-25,Highlanders,0,Dead Rabbits,10,Division 5A,Division 5A,REG
,9-Jan-25,Red Dog,3,Pheasants,7,Division 2,Division 2,REG
,9-Jan-25,Pull Tab Bandits,2,Koronis Motors,7,Division 2,Division 2,REG
,9-Jan-25,Mavericks,2,Fighting Narwhals,6,Division 2,Division 2,REG
,9-Jan-25,Puckbuddies,6,Sabercats,4,Division 3A,Division 3B,REG
,9-Jan-25,ESB,1,Mustangs,4,Division 1,Division 1,REG
,9-Jan-25,NW Stars,6,Brigade,2,Division 1,Division 1,REG
,11-Jan-25,Spittin' Llamas,4,Hungry Hatchlings,3,Division 8C,Division 8C,REG
,11-Jan-25,Toe Dragons,2,Fighting Clams,2,Division 8C,Division 8C,REG
,12-Jan-25,LKI,2,Fighting Mongooses,1,Division 7B,Division 7B,REG
,12-Jan-25,Rainiers,3,Khaos,4,Division 9A,Division 9A,REG
,12-Jan-25,Yacht Flippers,4,Arctic Foxes,3,Division 8C,Division 8C,REG
,12-Jan-25,Sockeyes,0,Hampton West Hockey Club,5,Division 8B,Division 8A,REG
,12-Jan-25,The Quacken,5,Blackbirds,0,Division 9B,Division 9B,REG
,12-Jan-25,Orange Crush,9,Purple Puck Eaters,3,Division 10,Division 10,REG
,12-Jan-25,Seals Lower,2,Fluffy Bunnies,2,Division 8B,Division 8B,REG
,12-Jan-25,Los Tigres,5,Golden Gobies,3,Division 8A,Division 8A,REG
,12-Jan-25,Raiders,4,Mudflaps,6,Division 6C,Division 6C,REG
,12-Jan-25,Post Busters,8,Gremlins Hockey,1,Division 10,Division 10,REG
,12-Jan-25,Rainier Reindeers HC-8,1,Orcas,8,Division 8C,Division 8C,REG
,12-Jan-25,Spicy Kittens,4,Mid-Ice Crisis,0,Division 9B,Division 9B,REG
,12-Jan-25,Puccaneers,1,BLU Bombers,7,Division 8A,Division 8A,REG
,12-Jan-25,Not Sure 7B,1,Cascadians HC,6,Division 7B,Division 7B,REG
,12-Jan-25,Seattle Freeze,1,Coyotes,3,Division 7A,Division 7A,REG
,12-Jan-25,Beer Dragons,1,Div 10 Sky Blue,0,Division 10,Division 10,REG
,12-Jan-25,Seals 6A,7,Dumb Pucks,3,Division 6A,Division 6A,REG
,12-Jan-25,Seal Team Sticks,5,Blackouts,3,Division 9A,Division 9A,REG
,12-Jan-25,Trash Pandas 6 Landis,3,Honey Badgers,5,Division 6C,Division 6B,REG
,12-Jan-25,Scrooge McPuck,6,Mother Cluckers,3,Division 8B,Division 8B,REG
,12-Jan-25,Seattle Dogs,0,Roughnecks Mobile Infantry,2,Division 7A,Division 7A,REG
,12-Jan-25,Squids,6,Alpuckas,6,Division 6A,Division 6A,REG
,12-Jan-25,What's Kraken?,4,Flying Monkeys,2,Division 6B,Division 6B,REG
,12-Jan-25,Real Bacon,6,Monarchs 6B,2,Division 6B,Division 6B,REG
,12-Jan-25,Stingers,1,Hackers,1,Division 6A,Division 6B,REG
,12-Jan-25,Trash Pandas Garbage Legacy,6,Birrds,3,Division 7A,Division 7A,REG
,12-Jan-25,Rainier Reindeer HC-6A,7,Icemen,1,Division 6A,Division 6A,REG
,12-Jan-25,Mighty Boosh,2,Blades,7,Division 6C,Division 6C,REG
,12-Jan-25,SEA Cucumbers,1,Purple Reign,3,Division 9B,Division 9B,REG
,12-Jan-25,Royal Pains,2,Bandits,6,Division 7B,Division 7B,REG
,13-Jan-25,Not Sure 5B,4,Gamblers,8,Division 5B,Division 5B,REG
,13-Jan-25,Trash Pandas 5C,1,BSOD,4,Division 5C,Division 5C,REG
,13-Jan-25,Edible Arrangements,1,Kraken Up,8,Division 4C,Division 4C,REG
,13-Jan-25,PussyCats,5,Midnight Twist,3,Division 6A,Division 6A,REG
,13-Jan-25,Piranhas,3,Fossils,3,Division 5D,Division 5D,REG
,13-Jan-25,Roughnecks,3,Greenhorns,2,Division 6B,Division 6B,REG
,13-Jan-25,Renegades,4,Bullets,5,Division 5B,Division 5B,REG
,13-Jan-25,Lumberjacks,9,Dumpster Fire,3,Division 5C,Division 5C,REG
,13-Jan-25,LLUA,4,Skeletons,4,Division 4C,Division 5A,REG
,13-Jan-25,Seagulls,4,Hooligans,4,Division 5A,Division 5B,REG
,13-Jan-25,Monarchs 5D,1,Jokres,2,Division 5D,Division 5D,REG
,13-Jan-25,Kokanees,4,Ice-O-Topes,6,Division 5B,Division 5B,REG
,14-Jan-25,40+ Advanced Orange,4,40+ Advanced White,5,40+ Advanced Winter 2025,40+ Advanced Winter 2025,REG
,14-Jan-25,Greasy Weasels,1,Night Owls,2,Division 4B,Division 4B,REG
,14-Jan-25,Yetis,5,Black Katz,0,Division 5C,Division 5C,REG
,14-Jan-25,Reapers,5,Dirty Couch Hockey Club,3,Division 5D,Division 5D,REG
,14-Jan-25,DevilFish,2,Dead Rabbits,3,Division 5A,Division 5A,REG
,14-Jan-25,40+ Advanced Black,3,40+ Advanced Sky Blue,6,40+ Advanced Winter 2025,40+ Advanced Winter 2025,REG
,14-Jan-25,Hosers,4,Chinooks,4,Division 4A,Division 4A,REG
,14-Jan-25,40+ Advanced Green,3,40+ Advanced Gray,2,40+ Advanced Winter 2025,40+ Advanced Winter 2025,REG
,15-Jan-25,40+ Grey,8,40+ White,1,40+ Winter 2025,40+ Winter 2025,REG
,15-Jan-25,Red Dog,2,Koronis Motors,5,Division 2,Division 2,REG
,15-Jan-25,Mighty Mallards,4,Breakers,13,Division 4A,Division 4A,REG
,15-Jan-25,Booze Hounds,5,Chiefs,5,Division 3A,Division 3A,REG
,15-Jan-25,Steelhead,6,Maple Bars,7,Division 4B,Division 4B,REG
,15-Jan-25,40+ Red,4,40+ Orange,0,40+ Winter 2025,40+ Winter 2025,REG
,15-Jan-25,Wolves,4,Moose Knuckle,9,Division 4C,Division 4C,REG
,15-Jan-25,Shockers,3,Skateful Dead,2,Division 3B,Division 4A,REG
,15-Jan-25,Growlers,2,Goal Diggers,4,Division 4A,Division 4A,REG
,15-Jan-25,Schilling Cider,2,Coconut Corgis,6,Division 4B,Division 4B,REG
,15-Jan-25,MMHC,3,Rhinos,4,Division 3A,Division 3A,REG
,15-Jan-25,40+ Navy,3,40+ Royal,3,40+ Winter 2025,40+ Winter 2025,REG
,15-Jan-25,40+ Sky Blue,7,40+ Yellow,3,40+ Winter 2025,40+ Winter 2025,REG
,15-Jan-25,The Herd,,Sasquatch,,Division 3B,Division 3B,
,16-Jan-25,ESB,1,Seattle Supernova,6,Division 1,Division 1,REG
,16-Jan-25,Northwest Crabs,7,Fighting Narwhals,4,Division 2,Division 2,REG
,16-Jan-25,Brigade,,NW Stars,,Division 1,Division 1,
,16-Jan-25,Mustangs,2,Falcons,2,Division 1,Division 1,REG
,16-Jan-25,Puckbuddies,2,Puget Sound Pigeons,5,Division 3A,Division 3A,REG
,16-Jan-25,Pheasants,4,Mavericks,6,Division 2,Division 2,REG
,16-Jan-25,Highlanders,4,Roughnecks - Game Theory,2,Division 5A,Division 5A,REG
,16-Jan-25,Sabercats,,Bombers,,Division 3B,Division 3B,
,16-Jan-25,Mighty Geoducks,4,Pull Tab Bandits,5,Division 2,Division 2,REG
,18-Jan-25,Mother Cluckers,3,Fluffy Bunnies,5,Division 8B,Division 8B,REG
,19-Jan-25,Fighting Mongooses,1,Cascadians HC,10,Division 7B,Division 7B,REG
,19-Jan-25,Beer Dragons,9,Purple Puck Eaters,1,Division 10,Division 10,REG
,19-Jan-25,LKI,2,Royal Pains,3,Division 7B,Division 7B,REG
,19-Jan-25,Orange Crush,3,Post Busters,0,Division 10,Division 10,REG
,19-Jan-25,Alpuckas,8,Rainier Reindeer HC-6A,1,Division 6A,Division 6A,REG
,19-Jan-25,Gremlins Hockey,4,Div 10 Sky Blue,1,Division 10,Division 10,REG
,19-Jan-25,Purple Reign,4,Mid-Ice Crisis,0,Division 9B,Division 9B,REG
,19-Jan-25,Mighty Boosh,4,What's Kraken?,5,Division 6C,Division 6B,REG
,19-Jan-25,Arctic Foxes,2,Toe Dragons,4,Division 8C,Division 8C,REG
,19-Jan-25,Blackouts,3,Rainiers,3,Division 9A,Division 9A,REG
,19-Jan-25,BLU Bombers,2,Los Tigres,3,Division 8A,Division 8A,REG
,19-Jan-25,SEA Cucumbers,6,The Quacken,2,Division 9B,Division 9B,REG
,19-Jan-25,Greenhorns,5,Monarchs 6B,6,Division 6B,Division 6B,REG
,19-Jan-25,Birrds,4,Seattle Freeze,4,Division 7A,Division 7A,REG
,19-Jan-25,Fighting Clams,2,Rainier Reindeers HC-8,2,Division 8C,Division 8C,REG
,19-Jan-25,Bandits,0,Not Sure 7B,1,Division 7B,Division 7B,REG
,19-Jan-25,Orcas,3,Hungry Hatchlings,1,Division 8C,Division 8C,REG
,19-Jan-25,Khaos,4,Seal Team Sticks,7,Division 9A,Division 9A,REG
,19-Jan-25,Seattle Dogs,4,Trash Pandas Garbage Legacy,3,Division 7A,Division 7A,REG
,19-Jan-25,Roughnecks Mobile Infantry,4,Coyotes,2,Division 7A,Division 7A,REG
,19-Jan-25,Scrooge McPuck,,Sockeyes,,Division 8B,Division 8B,
,19-Jan-25,Mudflaps,2,Blades,8,Division 6C,Division 6C,REG
,19-Jan-25,Spittin' Llamas,3,Yacht Flippers,3,Division 8C,Division 8C,REG
,19-Jan-25,Seals Lower,5,Hampton West Hockey Club,2,Division 8B,Division 8A,REG
,19-Jan-25,Iced Awesome,,Puccaneers,,Division 8A,Division 8A,
,19-Jan-25,Blackbirds,0,Spicy Kittens,6,Division 9B,Division 9B,REG
,19-Jan-25,Raiders,2,Trash Pandas 6 Landis,2,Division 6C,Division 6C,REG
,20-Jan-25,Midnight Twist,6,Icemen,5,Division 6A,Division 6A,REG
,20-Jan-25,Roughnecks,2,Flying Monkeys,0,Division 6B,Division 6B,REG
,20-Jan-25,Seals 6A,,Stingers,,Division 6A,Division 6A,
,20-Jan-25,Dirty Couch Hockey Club,2,Piranhas,3,Division 5D,Division 5D,REG
,20-Jan-25,Monarchs 5D,2,Reapers,5,Division 5D,Division 5D,REG
,20-Jan-25,Honey Badgers,7,Hackers,6,Division 6B,Division 6B,REG
,20-Jan-25,Not Sure 5B,2,Bullets,1,Division 5B,Division 5B,REG
,20-Jan-25,Jokres,5,Fossils,2,Division 5D,Division 5D,REG
,20-Jan-25,Dumpster Fire,,BSOD,,Division 5C,Division 5C,
,20-Jan-25,Dumb Pucks,3,PussyCats,4,Division 6A,Division 6A,REG
,20-Jan-25,Real Bacon,2,Squids,8,Division 6B,Division 6A,REG
,20-Jan-25,Kokanees,5,Gamblers,1,Division 5B,Division 5B,REG
,21-Jan-25,40+ Advanced Gray,2,40+ Advanced White,4,40+ Advanced Winter 2025,40+ Advanced Winter 2025,REG
,21-Jan-25,40+ Advanced Green,4,40+ Advanced Sky Blue,5,40+ Advanced Winter 2025,40+ Advanced Winter 2025,REG
,21-Jan-25,Lumberjacks,4,Yetis,4,Division 5C,Division 5C,REG
,21-Jan-25,Black Katz,3,Trash Pandas 5C,2,Division 5C,Division 5C,REG
,21-Jan-25,40+ Advanced Black,5,40+ Advanced Orange,7,40+ Advanced Winter 2025,40+ Advanced Winter 2025,REG
,21-Jan-25,Hosers,4,Skateful Dead,3,Division 4A,Division 4A,REG
,21-Jan-25,Sasquatch,,Mighty Mallards,,Division 3B,Division 4A,
,21-Jan-25,Breakers,12,Growlers,2,Division 4A,Division 4A,REG
,21-Jan-25,LLUA,3,Kraken Up,2,Division 4C,Division 4C,REG
,21-Jan-25,Moose Knuckle,7,Edible Arrangements,4,Division 4C,Division 4C,REG
,21-Jan-25,Wolves,8,Roughnecks - Game Theory,3,Division 4C,Division 5A,REG
,22-Jan-25,Ice-O-Topes,3,Hooligans,3,Division 5B,Division 5B,REG
,22-Jan-25,40+ Red,,40+ Yellow,,40+ Winter 2025,40+ Winter 2025,
,22-Jan-25,Renegades,2,Seagulls,7,Division 5B,Division 5A,REG
,22-Jan-25,40+ Royal,2,40+ White,7,40+ Winter 2025,40+ Winter 2025,REG
,22-Jan-25,Goal Diggers,4,Chinooks,7,Division 4A,Division 4A,REG
,22-Jan-25,Skeletons,11,DevilFish,1,Division 5A,Division 5A,REG
,22-Jan-25,Night Owls,1,Maple Bars,10,Division 4B,Division 4B,REG
,22-Jan-25,40+ Grey,4,40+ Sky Blue,2,40+ Winter 2025,40+ Winter 2025,REG
,22-Jan-25,Bombers,2,The Herd,4,Division 3B,Division 3B,REG
,22-Jan-25,Schilling Cider,8,Greasy Weasels,2,Division 4B,Division 4B,REG
,22-Jan-25,Sabercats,5,Shockers,3,Division 3B,Division 3B,REG
,22-Jan-25,Koronis Motors,7,Mighty Geoducks,3,Division 2,Division 2,REG
,22-Jan-25,Puckbuddies,2,Rhinos,4,Division 3A,Division 3A,REG
,22-Jan-25,40+ Orange,,40+ Navy,,40+ Winter 2025,40+ Winter 2025,
,23-Jan-25,MMHC,3,Chiefs,0,Division 3A,Division 3A,REG
,23-Jan-25,Brigade,4,Mustangs,4,Division 1,Division 1,REG
,23-Jan-25,Highlanders,1,Dead Rabbits,7,Division 5A,Division 5A,REG
,23-Jan-25,Falcons,,ESB,,Division 1,Division 1,
,23-Jan-25,Mavericks,5,Red Dog,4,Division 2,Division 2,REG
,23-Jan-25,Booze Hounds,2,Puget Sound Pigeons,7,Division 3A,Division 3A,REG
,23-Jan-25,Steelhead,3,Coconut Corgis,4,Division 4B,Division 4B,REG
,23-Jan-25,Northwest Crabs,5,Pull Tab Bandits,5,Division 2,Division 2,REG
,23-Jan-25,Dumpster Fire,2,Black Katz,1,Division 5C,Division 5C,REG
,23-Jan-25,Seattle Supernova,,NW Stars,,Division 1,Division 1,
,23-Jan-25,Pheasants,6,Fighting Narwhals,8,Division 2,Division 2,REG
,25-Jan-25,Seal Team Sticks,3,Rainiers,0,Division 9A,Division 9A,REG
,25-Jan-25,Khaos,4,Blackouts,2,Division 9A,Division 9A,REG
,26-Jan-25,Arctic Foxes,,Spittin'' Llamas,,Division 8C,Division 8C,
,26-Jan-25,Blackbirds,0,SEA Cucumbers,9,Division 9B,Division 9B,REG
,26-Jan-25,Mother Cluckers,3,Seals Lower,10,Division 8B,Division 8B,REG
,26-Jan-25,Purple Reign,2,Spicy Kittens,3,Division 9B,Division 9B,REG
,26-Jan-25,BLU Bombers,2,Iced Awesome,2,Division 8A,Division 8A,REG
,26-Jan-25,Cascadians HC,1,Royal Pains,3,Division 7B,Division 7B,REG
,26-Jan-25,Mid-Ice Crisis,2,The Quacken,3,Division 9B,Division 9B,REG
,26-Jan-25,Rainier Reindeers HC-8,4,Toe Dragons,7,Division 8C,Division 8C,REG
,26-Jan-25,Beer Dragons,6,Orange Crush,2,Division 10,Division 10,REG
,26-Jan-25,Mudflaps,1,Mighty Boosh,1,Division 6C,Division 6C,REG
,26-Jan-25,Birrds,4,Seattle Dogs,3,Division 7A,Division 7A,REG
,26-Jan-25,Bandits,4,LKI,2,Division 7B,Division 7B,REG
,26-Jan-25,Monarchs 6B,7,Roughnecks,4,Division 6B,Division 6B,REG
,26-Jan-25,Div 10 Sky Blue,9,Post Busters,1,Division 10,Division 10,REG
,26-Jan-25,Blades,9,Trash Pandas 6 Landis,0,Division 6C,Division 6C,REG
,26-Jan-25,Gremlins Hockey,5,Purple Puck Eaters,2,Division 10,Division 10,REG
,26-Jan-25,Orcas,3,Yacht Flippers,1,Division 8C,Division 8C,REG
,26-Jan-25,Golden Gobies,0,Puccaneers,5,Division 8A,Division 8A,REG
,26-Jan-25,Hungry Hatchlings,7,Fighting Clams,3,Division 8C,Division 8C,REG
,26-Jan-25,Midnight Twist,,Alpuckas,,Division 6A,Division 6A,
,26-Jan-25,Fluffy Bunnies,1,Sockeyes,0,Division 8B,Division 8B,REG
,26-Jan-25,Roughnecks Mobile Infantry,0,Seattle Freeze,7,Division 7A,Division 7A,REG
,26-Jan-25,Fighting Mongooses,1,Not Sure 7B,1,Division 7B,Division 7B,REG
,26-Jan-25,Scrooge McPuck,4,Los Tigres,6,Division 8B,Division 8A,REG
,26-Jan-25,Coyotes,3,Trash Pandas Garbage Legacy,2,Division 7A,Division 7A,REG
,27-Jan-25,Night Owls,2,Steelhead,4,Division 4B,Division 4B,REG
,27-Jan-25,Growlers,1,Mighty Mallards,5,Division 4A,Division 4A,REG
,27-Jan-25,Dumpster Fire,3,Trash Pandas 5C,6,Division 5C,Division 5C,REG
,27-Jan-25,Icemen,5,Dumb Pucks,5,Division 6A,Division 6A,REG
,27-Jan-25,Raiders,2,Roughnecks,1,Division 6C,Division 6B,REG
,27-Jan-25,Highlanders,2,DevilFish,1,Division 5A,Division 5A,REG
,27-Jan-25,Kokanees,1,Renegades,5,Division 5B,Division 5B,REG
,27-Jan-25,Hackers,2,Seals 6A,7,Division 6B,Division 6A,REG
,27-Jan-25,Jokres,2,Piranhas,6,Division 5D,Division 5D,REG
,27-Jan-25,PussyCats,7,Stingers,4,Division 6A,Division 6A,REG
,27-Jan-25,Flying Monkeys,4,Real Bacon,1,Division 6B,Division 6B,REG
,27-Jan-25,Honey Badgers,1,Greenhorns,5,Division 6B,Division 6B,REG
,27-Jan-25,Fossils,0,Reapers,3,Division 5D,Division 5D,REG
,28-Jan-25,Red Hots,6,Blue Footed Bloobies,6,Women's Division Winter 2025,Women's Division Winter 2025,REG
,28-Jan-25,LLUA,5,Wolves,3,Division 4C,Division 4C,REG
,28-Jan-25,Dirty Couch Hockey Club,,Monarchs 5D,,Division 5D,Division 5D,
,28-Jan-25,40+ Advanced White,1,40+ Advanced Sky Blue,6,40+ Advanced Winter 2025,40+ Advanced Winter 2025,REG
,28-Jan-25,White Yetis,6,Black Sheesh,6,Women's Division Winter 2025,Women's Division Winter 2025,REG
,28-Jan-25,Goal Diggers,0,Skateful Dead,6,Division 4A,Division 4A,REG
,28-Jan-25,40+ Advanced Green,2,40+ Advanced Black,6,40+ Advanced Winter 2025,40+ Advanced Winter 2025,REG
,28-Jan-25,Dead Rabbits,5,Not Sure 5B,2,Division 5A,Division 5B,REG
,28-Jan-25,Rainier Reindeer HC-6A,,Squids,,Division 6A,Division 6A,
,28-Jan-25,40+ Advanced Grey,3,40+ Advanced Orange,4,40+ Advanced Winter 2025,40+ Advanced Winter 2025,REG
,28-Jan-25,Pineapple Express,5,Grey Dust Bunnies,3,Women's Division Winter 2025,Women's Division Winter 2025,REG
,29-Jan-25,Koronis Motors,7,Pull Tab Bandits,0,Division 2,Division 2,REG
,29-Jan-25,Maple Bars,2,Greasy Weasels,5,Division 4B,Division 4B,REG
,29-Jan-25,40+ Navy,2,40+ Yellow,3,40+ Winter 2025,40+ Winter 2025,REG
,29-Jan-25,The Herd,8,Shockers,3,Division 3B,Division 3B,REG
,29-Jan-25,40+ Orange,2,40+ White,4,40+ Winter 2025,40+ Winter 2025,REG
,29-Jan-25,Hooligans,6,Gamblers,2,Division 5B,Division 5B,REG
,29-Jan-25,Bombers,4,Sasquatch,1,Division 3B,Division 3B,REG
,29-Jan-25,Black Katz,1,Lumberjacks,6,Division 5C,Division 5C,REG
,29-Jan-25,40+ Red,1,40+ Sky Blue,6,40+ Winter 2025,40+ Winter 2025,REG
,29-Jan-25,Roughnecks - Game Theory,,Skeletons,,Division 5A,Division 5A,
,29-Jan-25,40+ Royal,4,40+ Grey,5,40+ Winter 2025,40+ Winter 2025,REG
,29-Jan-25,Kraken Up,6,Edible Arrangements,5,Division 4C,Division 4C,REG
,29-Jan-25,Chinooks,2,Breakers,3,Division 4A,Division 4A,REG
,30-Jan-25,Mavericks,5,Pheasants,2,Division 2,Division 2,REG
,30-Jan-25,BSOD,5,Yetis,8,Division 5C,Division 5C,REG
,30-Jan-25,Sabercats,5,Hosers,2,Division 3B,Division 4A,REG
,30-Jan-25,Bullets,2,Ice-O-Topes,4,Division 5B,Division 5B,REG
,30-Jan-25,Seattle Supernova,3,Falcons,5,Division 1,Division 1,REG
,30-Jan-25,Coconut Corgis,1,Schilling Cider,8,Division 4B,Division 4B,REG
,30-Jan-25,NW Stars,,Mustangs,,Division 1,Division 1,
,30-Jan-25,Fighting Narwhals,5,Northwest Crabs,4,Division 2,Division 2,REG
,30-Jan-25,Moose Knuckle,6,Seagulls,6,Division 4C,Division 5A,REG
,30-Jan-25,Mighty Geoducks,3,Red Dog,4,Division 2,Division 2,REG
,30-Jan-25,ESB,3,Brigade,4,Division 1,Division 1,REG
,1-Feb-25,The Quacken,3,Spicy Kittens,4,Division 9B,Division 9B,REG
,1-Feb-25,Mid-Ice Crisis,2,SEA Cucumbers,4,Division 9B,Division 9B,REG
,2-Feb-25,Hampton West Hockey Club,,BLU Bombers,,Division 8A,Division 8A,
,2-Feb-25,Fighting Mongooses,,Bandits,,Division 7B,Division 7B,
,2-Feb-25,Monarchs 6B,,Flying Monkeys,,Division 6B,Division 6B,
,2-Feb-25,Coyotes,,Birrds,,Division 7A,Division 7A,
,2-Feb-25,Blackouts,1,Seal Team Sticks,6,Division 9A,Division 9A,REG
,2-Feb-25,Golden Gobies,2,Iced Awesome,3,Division 8A,Division 8A,REG
,2-Feb-25,Trash Pandas Garbage Legacy,,Roughnecks Mobile Infantry,,Division 7A,Division 7A,
,2-Feb-25,Fluffy Bunnies,6,Scrooge McPuck,7,Division 8B,Division 8B,REG
,2-Feb-25,Renegades,,Coppernails-Cascade,,Division 5B,Cascade Hockey League 2024/25 Inter-League,
,2-Feb-25,Trash Pandas 6 Landis,1,Mighty Boosh,1,Division 6C,Division 6C,REG
,2-Feb-25,Seattle Freeze,6,Seattle Dogs,7,Division 7A,Division 7A,REG
,2-Feb-25,Rainiers,10,Khaos,2,Division 9A,Division 9A,REG
,2-Feb-25,Fighting Clams,,Yacht Flippers,,Division 8C,Division 8C,
,2-Feb-25,Rainier Reindeers HC-8,,Arctic Foxes,,Division 8C,Division 8C,
,2-Feb-25,Mighty Mallards,,United-Cascade,,Division 4A,Cascade Hockey League 2024/25 Inter-League,
,2-Feb-25,Royal Pains,4,Not Sure 7B,4,Division 7B,Division 7B,REG
,2-Feb-25,Hungry Hatchlings,1,Toe Dragons,1,Division 8C,Division 8C,REG
,2-Feb-25,Orcas,,Spittin'' Llamas,,Division 8C,Division 8C,
,2-Feb-25,Gremlins Hockey,3,Beer Dragons,0,Division 10,Division 10,REG
,2-Feb-25,Blades,,Raiders,,Division 6C,Division 6C,
,2-Feb-25,Los Tigres,,Mother Cluckers,,Division 8A,Division 8B,
,2-Feb-25,Moose Knuckle,,Kelly Days-Cascade,,Division 4C,Cascade Hockey League 2024/25 Inter-League,
,2-Feb-25,Purple Reign,7,Blackbirds,1,Division 9B,Division 9B,REG
,2-Feb-25,Sockeyes,,Seals Lower,,Division 8B,Division 8B,
,2-Feb-25,Post Busters,6,Purple Puck Eaters,1,Division 10,Division 10,REG
,2-Feb-25,Div 10 Sky Blue,2,Orange Crush,3,Division 10,Division 10,REG
,2-Feb-25,Cascadians HC,0,LKI,1,Division 7B,Division 7B,REG
